סוג נכס,שורות,דוחות,דוגמאות שמות (שכיחים)
1,3483152,1148,"איילון קנאביס חו""ל / AURORA CANNABIS INC / 513011445 || איילון קנאביס חו""ל / CANOPY GROWTH CORP / 513011445 || איילון קנאביס חו""ל / TILRAY BRANDS INC / 513011445 || איילון (4D) מניות גלובאלי / FREDDIE MAC / 513011445 || איילון (4D) מניות גלובאלי / BURFORD CAPITAL LTD / 513011445 || איילון קנאביס חו""ל / CRONOS GROUP INC / 513011445 || מיטב סקיי 4D השקעות / WEEBIT NANO LTD / 513534974 || מיטב סקי מניות / WEEBIT NANO LTD / 513534974 || פסטרנק שהם10/90 / אספן גרופ / 513011445 || פסטרנק שהם10/90 / לסיכו / 513011445 || איילון מנ בלוקציין וכרייה / BITFARMS LTD/CANADA / 513011445 || טופ אלפא 4D מניות חו""ל / DEUTSCHE BANK AG-REGISTERED / 513011445 || פסטרנק שהם10/90 / ברן מר 1 שח / 513011445 || פסטרנק שהם10/90 / בל""ל סטוק רגיל 1 ש""ח / 513011445 || פסטרנק שהם10/90 / לוינסקי עופר / 513011445"
3,77963,1106,פסטרנק שהם10/90 / נאוויטס פטרו יהש / 513011445 || קסם ETF תל דיב / ישראמקו יהש / 510938608 || קסם ETF תא צמיחה / מודיעין יהש / 510938608 || קסם ETF תא 90 / ישראמקו יהש / 510938608 || קסם ETF תא 90 / רציו יהש / 510938608 || קסם ETF תא 125 / ישראמקו יהש / 510938608 || קסם ETF תא 125 / רציו יהש / 510938608 || קסם ETF תא נפט וגז / נאוויטס פטר יהש / 510938608 || קסם ETF תא נפט וגז / ישראמקו יהש / 510938608 || קסם ETF תא נפט וגז / מודיעין יהש / 510938608 || קסם ETF תא נפט וגז / רציו יהש / 510938608 || קסם ETF תא סקטור-באלאנס / ישראמקו יהש / 510938608 || קסם ETF תא סקטור-באלאנס / רציו יהש / 510938608 || מור 15/85 A2 / נאוויטס פטרו יהש / 514884485 || מור B 20/802 / נאוויטס פטרו יהש / 514884485
5,1424,286,"איביאי אסטרטגיות ממונפת / ESC ETF ISHARES MSCI / 510791031 || איילון (4D) מניות גלובאלי / CONTRA ZAGG INC - CVR / 513011445 || דיאמונד 4D גמישה / CONTRA NEUROBO PHARMACEUTICALS / 513011445 || איילון (4D) מניות גלובאלי / ESCROW GCI LIBERTY INC SR / 513011445 || איילון זבולון מניות חו""ל / CONTRA ADR CENTRAL / 513011445 || א.ש SB LV תא 125 AB (4A / חנל זכויות / 511944670 || א.ש SB 2A מש אגח מניות 10 / חנל זכויות / 511944670 || דיאמונד (4D) גמישה / CONTRA NEUROBO PHARMACEUTICALS / 513011445 || פסטרנק שהם10/90 / ROCKHOPPER EXPLORATION-ENT / 513011445 || אי.בי.אי(4D) ביוטכנולוגיה / BRISTOL-MYERS SQUIBB-CVR / 510791031 || טופ אלפא (4D) מניות חו''ל / BRISTOL-MYERS SQUIBB-CVR / 513011445 || ברומטר (4D) מניות גלובאלי / BRISTOL-MYERS SQUIBB-CVR / 513011445 || קסם ETF תא צמיחה / תיקון עולם זכות 2 / 510938608 || קסם ETF תא גלובל-טק / תיקון עולם זכות 2 / 510938608 || קסם ETF תא ביומד / תיקון עולם זכות 2 / 510938608"
6,53826,977,אש מניות גלובלי עד 30 מטח / NORTHERN STAR INV CL A -CW27 / 511944670 || אש שווקים מפתח עד 30 מטח / NORTHERN STAR INV CL A -CW27 / 511944670 || אש שווקים מפתח עד 30 מטח / PLUM ACQUISITION I A -CW28 / 511944670 || אש מניות גלובלי עד 30 מטח / TERRAN ORBITAL CORP -CW28 / 511944670 || אש שווקים מפתח עד 30 מטח / TERRAN ORBITAL CORP -CW28 / 511944670 || אש מניות גלובלי עד 30 מטח / JAWS MUSTANG ACQ C -CW26 / 511944670 || אש מניות גלובלי עד 30 מטח / SLAM CORP-A -CW27 / 511944670 || פסטרנק שהם10/90 / אלומיי אופ2 / 513011445 || אש מניות גלובלי עד 30 מטח / DHC ACQUISITION CORP A -CW27 / 511944670 || אש מניות גלובלי עד 30 מטח / PLUM ACQUISITION I A -CW28 / 511944670 || פסטרנק שהם10/90 / טכ גילוי אש אפ3 / 513011445 || מור B4 יתר / אל על אופ 2 / 514884485 || אושן תיק מניות / פטרוכימים אופ2 / 511756595 || שופן2B 20/80 / פטרוכימים אופ1 / 511756595 || מיטב15/85 / פטרוכימים אופ1 / 513534974
7,3044,325,"מור (4D)גמישה / בית בכפר אופ רכישה 1 / 514884485 || מור 15/85 A2 / בית בכפר אופ רכישה 1 / 514884485 || מור B 20/802 / בית בכפר אופ רכישה 1 / 514884485 || מור B4 נדל""ן / בית בכפר אופ רכישה 1 / 514884485 || מור B4 יתר / בית בכפר אופ רכישה 1 / 514884485 || מור B 25/752 / בית בכפר אופ רכישה 1 / 514884485 || מור(2B)י30/70 / בית בכפר אופ רכישה 1 / 514884485 || מור (2B) ברקת 30/70 / בית בכפר אופ רכישה 1 / 514884485 || מור אג""ח פלוס ( / בית בכפר אופ רכישה 1 / 514884485 || מור מדינה + 10% / בית בכפר אופ רכישה 1 / 514884485 || מור תיק אג""ח + 30% / בית בכפר אופ רכישה 1 / 514884485 || מור 10/90 תיק אג""ח חו""ל / בית בכפר אופ רכישה 1 / 514884485 || מור מניות ישראל / בית בכפר אופ רכישה 1 / 514884485 || מור A 10/901 / בית בכפר אופ רכישה 1 / 514884485 || מור מניות ערך D / בית בכפר אופ רכישה 1 / 514884485"
8,20,6,פורטה (0B) אגח ללא מניות / אמות אופ 10 לאג''ח ז' / 510938608 || מיטב 0B EX בונד 60 שקלי / אמות אופ 10 לאג''ח ז' / 513534974 || מיטב(2B) תיק אגח + 15 / אמות אופ 10 לאג''ח ז' / 513534974 || מיטב (2C) עוקב 3 בינל / אמות אופ 10 לאג''ח ז' / 513534974 || מיטב(2B)אגח להמרה וחברות / אמות אופ 10 לאג''ח ז' / 513534974 || מיטב(1B)(!)אקטיבית10/90 / אמות אופ 10 לאג''ח ז' / 513534974 || מיטב (00) שקלית / אמות אופ 10 לאג''ח ז' / 513534974 || מיטב(0B) אגח ישראל / אמות אופ 10 לאג''ח ז' / 513534974 || מיטב1C סולידית פלוס / אמות אופ 10 לאג''ח ז' / 513534974
9,79811,1021,מור 15/85 A2 / אנרג'יקס אגח להמרה ב / 514884485 || מור B 20/802 / אנרג'יקס אגח להמרה ב / 514884485 || מור B 25/752 / אנרג'יקס אגח להמרה ב / 514884485 || מור(2B)י30/70 / אנרג'יקס אגח להמרה ב / 514884485 || מור(2B)י30/70 / לוזון קבוצה אגח ט / 514884485 || מור (4D)גמישה / אלומיי קפ אגח להמרה ד / 514884485 || מור 15/85 A2 / אלומיי קפ אגח להמרה ד / 514884485 || מור B 20/802 / אלומיי קפ אגח להמרה ד / 514884485 || מור B 25/752 / אלומיי קפ אגח להמרה ד / 514884485 || מור(2B)י30/70 / אלומיי קפ אגח להמרה ד / 514884485 || הראל אמלפי / אנרג'יקס אגח להמרה ב / 511776783 || מיטב סקיי 4D השקעות / אנרג'יקס אגח להמרה ב / 513534974 || איילון בינלאומי4 / אנרג'יקס אגח להמרה ב / 513011445 || מיטב אגח קונצרני10% + / אנרג'יקס אגח להמרה ב / 513534974 || מיטב סקי מניות / אנרג'יקס אגח להמרה ב / 513534974
10,8034634,1137,אלטשולר F6 קרן ממונפת / ORO NEGRO DRIL PTE LTD INTSPN 0 PERP / 000511944670 || אש אגח חול עד 10 מטח / ORO NEGRO DRIL PTE LTD INTSPN 0 PERP / 000511944670 || אלטשולר עק חול 2 בנק בינל / ORO NEGRO DRIL PTE LTD INTSPN 0 PERP / 511944670 || פסטרנק שהם10/90 / אורון קב אגח ג / 513011445 || פסטרנק שהם10/90 / ג'נריישן קפיטל אגח ג / 513011445 || מור הזדמנויות אגח קונצר / ENERGEAN PLC ENOGLN 6 1/2 04/30/27 / 514884485 || פסטרנק שהם10/90 / מישורים אגח ט / 513011445 || פסטרנק שהם10/90 / דה זראסאי אגח ג / 513011445 || מור B 25/752 / שלמה נדלן אגח ד / 514884485 || פסטרנק שהם10/90 / רני צים אגח ב / 513011445 || קסם ETF תלבונד שקלי / הראל הנפקות אגח יא / 510938608 || קסם ETF תלבונד שקלי / הראל הנפקות אגח יב / 510938608 || קסם ETF תלבונד שקלי / הראל הנפקות אגח יג / 510938608 || קסם ETF תלבונד שקלי / ספנסר אגח ב / 510938608 || קסם ETF תלבונד שקלי / אשטרום קב אגח ג / 510938608
11,45191,655,"קסם אקט מדינה ללא מנ כשר / לאומי מסחריים סד1 ' / 510938608 || קסם אקט תיק קונצרני מדורג / לאומי מסחריים סד1 ' / 510938608 || קסם אק ממ שק עד שנ ללא מנ / לאומי מסחריים סד1 ' / 510938608 || קסם אקטיב אג""ח עד2024 / לאומי מסחריים סד1 ' / 510938608 || קסם אקט כספית / לאומי מסחריים סד1 ' / 510938608 || קסם אקטיב ת.סולידי ללא מנ / לאומי מסחריים סד1 ' / 510938608 || קסם אקט מדינה ללא מנ כשר / ירושלים הנפק מסחרי2 / 510938608 || קסם אקטיב אג""ח מדינה / ירושלים הנפק מסחרי2 / 510938608 || קסם אקט אגח בנקים אוAA / ירושלים הנפק מסחרי2 / 510938608 || קסם אקטיב אג""ח עד2024 / ירושלים הנפק מסחרי2 / 510938608 || קסם אקט כספית / ירושלים הנפק מסחרי2 / 510938608 || קסם אקטיב ת.סולידי ללא מנ / ירושלים הנפק מסחרי2 / 510938608 || קסם אקט מדינה ללא מנ כשר / לאומי ני""ע מסחריים סד3' / 510938608 || קסם אקט שקל A ומעלה / שיכון ובינוי נעמ3 / 510938608 || קסם אקטיב אג""ח / שיכון ובינוי נעמ3 / 510938608"
12,422119,1118,קסם ETFי (00) תל גוב- שקל / ממשלתי שקלי 0928 / 510938608 || קסם ETFי (00) תל גוב- שקל / ממשלתי שקלי 0330 / 510938608 || קסם ETFי (00) תל גוב- שקל / ממשלתי שקלי 0142 / 510938608 || קסם ETFי (00) תל גוב- שקל / ממשלתי שקלי 0347 / 510938608 || קסם ETFי (00) תל גוב- שקל / ממשלתי שקלי 0537 / 510938608 || קסם ETFי (00) תל גוב- שקל / ממשלתי שקלי 0432 / 510938608 || קסם ETFי (00) תל גוב- שקל / ממשלתי שקלי 1152 / 510938608 || קסם ETFי (00) תל גוב- שקל / ממשלתי שקלי 0327 / 510938608 || קסם ETFי (00) תל גוב- שקל / ממשלתי שקלי 1026 / 510938608 || פסטרנק שהם10/90 / ממשל שקלית0347 / 513011445 || קסם ETFי (00) תל גוב- שקל / ממשלתי שקלי 0229 / 510938608 || מור(2B)י30/70 / ממשלתית צמודה %0.5 0529 / 514884485 || קסם ETFי (00) תל גוב- שקל / ממשלתי שקלי 0226 / 510938608 || מור(2B)י30/70 / ממשלתית שקלית %5.5 01/42 / 514884485 || MTF מח מש אגח ישראל ממ / ממשלתית שקלית 6.25 10/26 / 511303661
13,315219,1036,קסם S&P Consumer Staples / מקמ 1114 / 510938608 || קסם KTFי(4D)י Cboe S&P 50 / מקמ 615 / 510938608 || קסם RU Depositary ETF / מקמ 312 / 510938608 || קסם KTFי(4D)י Cboe S&P 50 / מקמ 1215 / 510938608 || מור מחקה (4D) אינדקס סין / מלווה קצר מועד 712 / 514884485 || מור מחקה (4D) אינדקס סין / מלווה קצר מועד 812 / 514884485 || קסם S&P Consumer Staples / מקמ 714 / 510938608 || קסם RU Depositary ETF / מקמ 712 / 510938608 || פסטרנק שהם10/90 / מלווה קצר מועד125 / 513011445 || קסם RU Depositary ETF / מקמ 812 / 510938608 || מור מחקה (4D) אינדקס סין / מלווה קצר מועד 1012 / 514884485 || קסם S&P Consumer Staples / מקמ 614 / 510938608 || קסם KTFי(4D)י Cboe S&P 50 / מקמ 1115 / 510938608 || קסם RU Depositary ETF / מקמ 912 / 510938608 || קסם KTFי(4D)י Cboe S&P 50 / מקמ 616 / 510938608
14,41868,988,הורייזן ל/ש קרן גידור / IWM US 12/18/26 C205 / 513011445 || הורייזן(2B) י30/70 / IWM US 12/18/26 C200 / 513011445 || הורייזן(2B) י30/70 / QQQ US 12/18/26 C480 / 513011445 || הורייזן(2B) י20/80 / IWM US 12/18/26 C200 / 513011445 || הורייזן(2B) י20/80 / QQQ US 12/18/26 C480 / 513011445 || הורייזן(2B) י30/70 / XLF US 12/18/26 C44 / 513011445 || הורייזן(2B) י30/70 / SPY US 12/18/26 C545 / 513011445 || הורייזן (4D) אסטרטגיות / IWM US 12/18/26 C225 / 513011445 || הורייזן (4D) אסטרטגיות / QQQ US 12/18/26 C464.78 / 513011445 || הורייזן (4D) אסטרטגיות / QQQ US 12/18/26 C484.78 / 513011445 || הורייזן ל/ש קרן גידור / QQQ US 12/18/26 C480 / 513011445 || הורייזן(2B) י30/70 / IWM US 12/18/26 C225 / 513011445 || הורייזן (4D) אסטרטגיות / QQQ US 12/18/26 C449.78 / 513011445 || הורייזן ל/ש קרן גידור / XLF US 12/18/26 C46 / 513011445 || הורייזן (4D) אסטרטגיות / QQQ US 12/18/26 C479.78 / 513011445
15,38849,961,"הורייזן (4D) אסטרטגיות / SPX US 12/18/26 P5450 / 513011445 || מיטב מניות טכנולוגיה חו""ל / QQQ US 01/19/24 P200 / 513534974 || הורייזן (4D) אסטרטגיות / SPY US 12/17/27 P565 / 513011445 || פינסהGLOBAL EQUITY / LLY US 01/17/25 P290 / 511756595 || ב .אלטרנטיב גמישה / AEHR US 01/17/25 P22.5 / 513011445 || אפסילון 3D תיק מנוהל / QQQ US 01/20/23 P250 / 511576209 || אלטשולר 6F קרן ממונפת / SPX US 03/21/25 P4000 / 511944670 || אלטשולר 6F קרן ממונפת / SPX US 03/21/25 P4400 / 511944670 || אלטשולר 6F קרן ממונפת / SPX US 03/21/25 P4800 / 511944670 || אש M-Strategy- קרן גידור / SPX US 03/21/25 P4000 / 511944670 || אש M-Strategy- קרן גידור / SPX US 03/21/25 P4400 / 511944670 || אש M-Strategy- קרן גידור / SPX US 03/21/25 P4800 / 511944670 || BMENIVגמישה / KRE US 09/19/25 P70 / 511756595 || מיטב מניות ארה""ב / QQQ US 01/16/26 P400 / 513534974 || דולפין מניות חו""ל / SN US 01/15/27 P90 / 513011445"
17,17366,704,הראל 1D ! בונד$ 10%+ / PIMCO-GLOBAL BOND-USDINS ACC / 511776783 || הראל 1D ! בונד$ 10%+ / PIMCO GBL INV GRD-INS USDACC / 511776783 || הראל 1D ! בונד$ 10%+ / PIMCO GIS-INCOME FUND-INS AC / 511776783 || הראל 1D ! בונד$ 10%+ / FRANK-US LOW DUR-I ACCUSD / 511776783 || קסם אקטיב תיק 20%+אגד חוץ / AB FCP I-AMER INC-I USD / 510938608 || קסם אקטיב תיק 20%+אגד חוץ / AB SICAV I-SHR DUR H/Y-I2 / 510938608 || קסם אקטיב תיק 20%+אגד חוץ / AB SICAV I-GLB PL FI-I2 / 510938608 || קסם אקטיב תיק 20%+אגד חוץ / AB FCP I-MORTG INCOM-I USD / 510938608 || הראל 1D ! בונד$ 10%+ / SCHRODER ISF-USD BOND-CAC / 511776783 || מיטב אגד חוץ BOND נקוב$ / PIMCO-GLOBAL BOND-USDINS ACC / 513534974 || מיטב אגד חוץ BOND נקוב$ / PIMCO DYNAMIC  BOND-I-A-USD / 513534974 || מיטב אגד חוץ BOND נקוב$ / PIMCO GIS-INCOME FUND-INS AC / 513534974 || מיטב אגד חוץ BOND נקוב$ / FRANK TEMP INV GLB BND-I ACC / 513534974 || מיטב אגד חוץ BOND נקוב$ / FRANK TE IN GLOBL TOT RT-IAC / 513534974 || מיטב אגד חוץ BOND נקוב$ / RUBRICS GLBL CRDT FIX-A USD / 513534974
18,1861,614,"קסם ETF תא גלובל-טק / איביאי טכנולוגיה עילית / 510938608 || איילון (4D) מניות גלובאלי / PERSHING SQUARE HOLDINGS LTD / 513011445 || קסם KTF תא טכנולוגיה / איביאי טכ עילית / 510938608 || הראל סל תא טכנולוגיה / איביאי טכ עילית / 511776783 || קסם ETF תא צמיחה / איביאי טכנולוגיה עילית / 510938608 || תכלית סל תא צמיחה / איביאי טכ עילית / 513534974 || FORESTסלקט15/85 / איביאי טכ עילית / 515430999 || FORESTסלקט25/75 / איביאי טכ עילית / 515430999 || הראל מחקה ת""א טכנולוגיה / איביאי טכ עילית / 511776783 || הראל מחקה ת""אALL-SHARE / איביאי טכ עילית / 511776783 || קבין 4D מניות חו""ל / איביאי טכ עילית / 513011445 || MTF מח תא צמיחה / איביאי טכ עילית / 511303661 || MTF סל תא טכנולוגיה / איביאי טכ עילית / 511303661 || MTF סל תא טק-עילית / איביאי טכ עילית / 511303661 || MTF מח תא טכנולוגיה / איביאי טכ עילית / 511303661"
19,59546,951,"איילון בינלאומי4 / US TREASURY N/B T 1 1/2 08/15/26 / 513011445 || איילון בינלאומי4 / US TREASURY N/B T 1 1/2 02/15/30 / 513011445 || סיגמא 0D ! אג""ח דולר בינל / US TREASURY N/B T 1 7/8 02/15/32 / 511756595 || ברומטר(2B) י15/85 / US TREASURY N/B T 1 3/8 11/15/31 / 513011445 || מיטב אג""ח עד 5% מניות / US TREASURY N/B T 1 5/8 08/15/29 / 513534974 || קסם אקטיב אגח חול מנוטרל / US TREASURY N/B T 4 1/8 11/15/32 / 510938608 || אנליסטA0!אג""חחוללאמנוטרלת / US TREASURY N/B T 4 1/8 09/30/27 / 511146490 || מור 10/90 תיק אג""ח חו""ל / US TREASURY N/B T 2 1/4 11/15/25 / 514884485 || מור 10/90 תיק אג""ח חו""ל / US TREASURY N/B T 1 5/8 08/15/29 / 514884485 || מור 10/90 תיק אג""ח חו""ל / US TREASURY N/B T 1 3/8 08/31/26 / 514884485 || קסם SPBDUS3T ETF / US TREASURY N/B / 510938608 || קסם SPBDU10T ETF / US TREASURY N/B T 0 7/8 11/15/30 / 510938608 || קסם SPBDU10T ETF / US TREASURY N/B T 1 1/4 08/15/31 / 510938608 || קסם SPBDU10T ETF / US TREASURY N/B T 1 3/8 11/15/31 / 510938608 || קסם SPBDU10T ETF / US TREASURY N/B T 1 7/8 02/15/32 / 510938608"
20,1748,138,"מיטב מניות ארה""ב / אינבסקו.חוץ / 513534974 || איביאי מחקהS&P BITCOIN / ISHARES BITCOIN TRUST ETF / 513765339 || איביאי מחקהS&P BITCOIN / BITWISE BITCOIN ETF / 513765339 || איביאי מחקהS&P BITCOIN / ARK 21SHARES BITCOIN ETF / 513765339 || איביאי מחקהS&P BITCOIN / FIDELITY WISE ORIGIN BITCOIN / 513765339 || איביאי מחקהS&P BITCOIN / FRANKLIN BITCOIN ETF / 513765339 || איביאי מחקהS&P BITCOIN / INVSCO GLXY BTCN ETF / 513765339 || איביאי מחקהS&P BITCOIN / VANECK BITCOIN ETF / 513765339 || איביאי מחקהS&P BITCOIN / WISDOMTREE BITCOIN FUND / 513765339 || מור מחקהS&P BITCOIN / ISHARES BITCOIN TRUST ETF / 514884485 || מור מחקהS&P BITCOIN / FIDELITY WISE ORIGIN BITCOIN / 514884485 || איילון חשיפה לביטקוין / ISHARES BITCOIN TRUST ETF / 513011445 || איילון חשיפה לביטקוין / BITWISE BITCOIN ETF / 513011445 || איילון חשיפה לביטקוין / GRAYSCALE BITCOIN TRUST ETF / 513011445 || איילון חשיפה לביטקוין / ARK 21SHARES BITCOIN ETF / 513011445"
22,166606,988,"מור (4D)גמישה / אפריקה אגח כו-פיקטיבי / 514884485 || מור (4D)גמישה / אפריקה אגח כז-פיקטיבי / 514884485 || מור (4D)גמישה / אפריקה אגח כח-פיקטיבי / 514884485 || מור 15/85 A2 / אפריקה אגח כח-פיקטיבי / 514884485 || מור B 20/802 / אפריקה אגח כח-פיקטיבי / 514884485 || מור B4 נדל""ן / אפריקה אגח כו-פיקטיבי / 514884485 || מור B4 נדל""ן / אפריקה אגח כז-פיקטיבי / 514884485 || מור B4 נדל""ן / אפריקה אגח כח-פיקטיבי / 514884485 || מור B4 יתר / אפריקה אגח כו-פיקטיבי / 514884485 || מור B4 יתר / אפריקה אגח כח-פיקטיבי / 514884485 || מור B 25/752 / אפריקה אגח כו-פיקטיבי / 514884485 || מור B 25/752 / אפריקה אגח כז-פיקטיבי / 514884485 || מור B 25/752 / אפריקה אגח כח-פיקטיבי / 514884485 || MTF מח מש אגח ישראל ממ / איידיאו אגח ז-פיקטיבי / 511303661 || MTF מח מש אגח ישראל ממ / איידיאו אגח ח-פיקטיבי / 511303661"
26,1,1,פסגות שווקים מתעוררים(4D) / KRANESH BOSERA MSCI CHINA A / 513765339
31,3,2,"0 || אנליסט טכנולוגיות חו""ל / NXP SEMICONDUCTOR / 511146490 || אנליסט נאסדק מומנטום / NXP SEMICONDUCTOR / 511146490"
33,27010,902,"אנליסט טכנולוגיות חו""ל / NASDAQ 100 E MINI FUTURE / 511146490 || אנליסט מניות ממונפת / MICRO EMINI NASDAQ 100 FU / 511146490 || קסם SP500 ETF / S&P500 EMINI FUT  Mar23 / 510938608 || קסם ETF ממ SP500 פי3 / S&P500 EMINI FUT  Mar23 / 510938608 || קסם ETF ממ NDX100 פי3 / NASDAQ 100 E-MINI Mar23 / 510938608 || קסם ETF ממ DAX פי3 / DAX INDEX FUTURE  Mar23 / 510938608 || קסם SP500 ETF / S&P500 EMINI FUT  Dec20 / 510938608 || קסם SP500 ETF / S&P500 EMINI FUT  Mar21 / 510938608 || קסם SP500 ETF / S&P500 EMINI FUT  Jun21 / 510938608 || קסם SP500 ETF / S&P500 EMINI FUT  Sep21 / 510938608 || קסם SP500 ETF / S&P500 EMINI FUT  Dec21 / 510938608 || קסם SP500 ETF / S&P500 EMINI FUT  Mar22 / 510938608 || קסם SP500 ETF / S&P500 EMINI FUT  Jun22 / 510938608 || קסם SP500 ETF / S&P500 EMINI FUT  Sep22 / 510938608 || קסם SP500 ETF / S&P500 EMINI FUT  Dec22 / 510938608"
34,7789,716,"קסם אק 2B עקב 3 הבינלאומי / US 5YR NOTE (CBT) Mar21 / 510938608 || מגדל אגח מדינה / Euro-BTP Future   Mar24 / 511303661 || מגדל D0 אג''ח $ בינלאומי- / US LONG BOND(CBT) Mar22 / 511303661 || מיטב30/70 / US 10yr Ultra Fut Mar23 / 513534974 || מיטב20/80 / US 10yr Ultra Fut Mar23 / 513534974 || מיטב תיק השקעות15/85 / US 10yr Ultra Fut Mar23 / 513534974 || מיטב) ! )נבחרת קונצרני / US 10yr Ultra Fut Mar23 / 513534974 || הראל אג""ח חו""ל דולר / Euro-BTP Future   Mar23 / 511776783 || הראל אג""ח חו""ל דולר / EURO-BUND FUTURE  Mar23 / 511776783 || הראל בונד חו""ל - נקובה$ / Euro-BTP Future   Mar23 / 511776783 || הראל בונד חו""ל - נקובה$ / EURO-BUND FUTURE  Mar23 / 511776783 || מגדל אגח מדינה / LONG GILT FUTURE  Jun23 / 511303661 || פורטה 4D השקעות / US 10YR NOTE (CBT)Jun23 / 510938608 || פורטה אג""ח כללי / US 10YR NOTE (CBT)Jun23 / 510938608 || הראל תיק מדינה / US LONG BOND(CBT) Sep23 / 511776783"
35,2706,391,"אושן גמישה / NATURAL GAS FUTR  Jan26 / 511756595 || קסם אקט אסטרגיות סחורות / OAT FUTURE        Dec23 / 510938608 || קסם אקט אסטרגיות סחורות / OAT FUTURE        Dec24 / 510938608 || קבין 6F השקעות -ממונפת / WHEAT FUTURE(CBT) May25 / 513011445 || קבין 4D מניות חו""ל / WHEAT FUTURE(CBT) May25 / 513011445 || קבין (4D) גמישה / WHEAT FUTURE(CBT) May25 / 513011445 || קבין 6F השקעות -ממונפת / CORN FUTURE       Dec25 / 513011445 || קבין 6F השקעות -ממונפת / WHEAT FUTURE(CBT) Dec25 / 513011445 || קבין 4D מניות חו""ל / CORN FUTURE       Dec25 / 513011445 || קבין 4D מניות חו""ל / WHEAT FUTURE(CBT) Dec25 / 513011445 || קבין (4D) גמישה / CORN FUTURE       Dec25 / 513011445 || קבין (4D) גמישה / WHEAT FUTURE(CBT) Dec25 / 513011445 || קבין 6F השקעות -ממונפת / CORN FUTURE       May26 / 513011445 || קבין 4D מניות חו""ל / CORN FUTURE       May26 / 513011445 || קבין (4D) גמישה / CORN FUTURE       May26 / 513011445"
36,1579,360,"פורצ'ן אג""ח בינלאומי / EURO FX CURR FUT  Dec22 / 513011445 || ברומטר) ! )אג''ח חברות / EURO FX CURR FUT  Sep21 / 513011445 || פורצ'ן אג""ח בינלאומי / C$ CURRENCY FUT   Mar26 / 513011445 || פורצן( ! (אגח נקובה$ / C$ CURRENCY FUT   Mar26 / 513011445 || מיטב (4B)חול עד 30% מט''ח / EURO FX CURR FUT  Mar21 / 513534974 || ברומטר 2B אג''ח15/85 / BP CURRENCY FUT   Sep21 / 513011445 || ברומטר 2B אג''ח15/85 / EURO FX CURR FUT  Sep21 / 513011445 || פורצ'ן גמישה / EURO FX CURR FUT  Mar23 / 513011445 || פורצ'ן אג""ח בינלאומי / BP CURRENCY FUT   Sep23 / 513011445 || פורצ'ן אג""ח בינלאומי / EURO FX CURR FUT  Sep23 / 513011445 || מיטב Multi Strategy גידור / JPN YEN CURR FUT  Mar24 / 513534974 || מיטב Multi Strategy גידור / JPN YEN CURR FUT  Dec24 / 513534974 || פסגות(4A)אירופה IP ממ / EURO FX CURR FUT  Mar21 / 513765339 || אי.בי.אי. גלובל אקוויטי / EURO FX CURR FUT  Mar21 / 510791031 || אי.בי.אי. מניות חול / BP CURRENCY FUT   Mar21 / 510791031"
38,325466,583,הראל סלSP500 / F_180225_239_239_DL_0_N_1_00_00 / 511776783 || הראל סלSP500 / F_180225_189_189_DL_0_N_1_00_00 / 511776783 || הראל מחקהSP500 EW / F_180225_239_239_DL_0_N_1_00_00 / 511776783 || הראל מחקהDJ US MEDIC EQ / F_131221_283_283_DL_0_N_1_00_00 / 511776783 || פורצ'ן אגח בינל עד 20 מטח / F_290925_183_183_DL_0_N_1_00_00 / 513011445 || הראל סלSP500 / F_211221_289_289_DL_0_N_1_00_00 / 511776783 || הראל מחקהNDX 100 / F_300523_252_252_DL_0_N_1_00_00 / 511776783 || הראל סלSP500 / F_110723_245_245_DL_0_N_1_00_00 / 511776783 || הראל מחקהSP500 / F_110723_245_245_DL_0_N_1_00_00 / 511776783 || הראל מחקהSP500 / F_180723_245_245_DL_0_N_1_00_00 / 511776783 || הראל מחקהNDX 100 / F_110723_245_245_DL_0_N_1_00_00 / 511776783 || הראל סלSP500 / F_151024_112_112_DL_0_N_1_00_00 / 511776783 || הראל סלSP TECH / F_130125_260_260_DL_0_N_1_00_00 / 511776783 || הראל מחקהSP500 / F_130125_260_260_DL_0_N_1_00_00 / 511776783 || הראל סלDOWJONES IA / F_180225_239_239_DL_0_N_1_00_00 / 511776783
42,6,6,איביאי גידור Macro Strate / עסקת החלף (SWAP) - ריבית / 510791031 || איביאי גידורMACRO STRATE / עסקת החלף (SWAP) - ריבית / 513765339
43,118820,1068,"איילון ארה""ב חייבת / INVESCO S&P 500 EQUAL WEIGHT / 513011445 || קסם FTSECHN50 ETF / ISHARES CHINA LARGE-CAP ETF / 510938608 || קסם FTSE250 ETF ממ / ISHARES FTSE 250 / 510938608 || קסם MSCI ACWorld ETF מד / ISHARES MSCI ACWI ETF / 510938608 || MTF מח מש אגח ישראל ממ / SPDR S&P 500 ETF TRUST / 511303661 || פלקון20/80 / ISHARES RUSSELL 2000 ETF / 511756595 || הראל סל SP500 LV ממ / INVESCO S&P 500 LOW VOLATILI / 511776783 || הראל סל SP500 EW ממ / INVESCO S&P 500 EQUAL WEIGHT / 511776783 || הראל סל MSCI ACWORLD ממ / ISHARES MSCI ACWI ETF / 511776783 || הראל - 15/85 נקובה$ / INVESCO QQQ TRUST SERIES 1 / 511776783 || הראל - 15/85 נקובה$ / INVESCO S&P 500 EQUAL WEIGHT / 511776783 || תכלית סל מש ממש מניות חול / ISHARES SELECT DIVIDEND ETF / 513534974 || תכלית סל מש ממש מניות חול / ISHARE EUR STOXX SELDIV30 DE / 513534974 || תכלית סל מש ממש מניות חול / DEKA EURO STOXX SELECT DIVID / 513534974 || איילון מדינה10% + / INVESCO QQQ TRUST SERIES 1 / 513011445"
44,13448,868,"תמיר פישמן 0D ! אג בינלאו / VANGUARD S/T CORP BOND ETF / 512958471 || תמיר פישמן 0D ! אג בינלאו / ISHARES NATIONAL MUNI BOND E / 512958471 || תמיר פישמן 0D ! אג בינלאו / ISHARES 0-5 YR HY CORP BOND / 512958471 || מיטב עוקבת תיק 1 בינלאומי / ISHARES USD SHORT DUR USD D / 513534974 || תמיר פישמן 0D ! אג בינלאו / VANECK FALLEN ANGEL HIGH YLD / 512958471 || קסם אקטיב אגח חול מנוטרל / VANGUARD INT-TERM CORPORATE / 510938608 || איילון 2D עקב חול 2 הבינל / ISHARES 0-5 YR INV GRD CORP / 513011445 || איילון 2D עקב חול 2 הבינל / VANGUARD S/T CORP BOND ETF / 513011445 || איילון 2D עקב חול 2 הבינל / FIRST TRUST ENH SHORT MAT FD / 513011445 || תמיר פישמן 0D ! אג בינלאו / ISHARES IBOXX INVESTMENT GRA / 512958471 || איילון 2D עקב חול 2 הבינל / SPDR PORT INT CORP BOND ETF / 513011445 || איילון 2D עקב חול 2 הבינל / SPDR PORT SHRT TRM CORP BND / 513011445 || ת.פ (1D) אג""ח חו""ל משתנה / INVESCO VARIABLE RATE INVEST / 512958471 || ת.פ (1D) אג""ח חו""ל משתנה / ISHARES FLOATING RATE BOND E / 512958471 || ת.פ (2C) תיק 3 הבינלאומי / VANGUARD S/T CORP BOND ETF / 512958471"
45,143146,509,קסם NDX100 KTF ממ / S_191222_364_90_ND_2_Y_1_12_01 / 510938608 || איביאי מחקה SHILLER US ממ / S_301224_639_90_ND_2_Y_1_12_01 / 513765339 || תכלית סל ערך עולמי / S_250725_362_90_ND_2_Y_1_12_01 / 513534974 || MTF מח Indx GlobA&D / S_101123_364_90_ND_2_Y_1_12_01 / 511303661 || תכלית TTF ביגטק30ארהב ממ / S_190925_363_90_ND_1_Y_1_12_01 / 513534974 || MTFסל SP 500 ממ / S_150925_360_90_ND_1_Y_1_12_01 / 511303661 || MTF מח מש NDX100 SP500 ממ / S_040425_364_90_ND_1_Y_1_12_01 / 511303661 || קסם WideMoat US KTF ממ / S_071022_364_90_ND_2_Y_1_12_01 / 510938608 || קסם SP500 KTF / S_131222_364_90_ND_2_Y_1_12_01 / 510938608 || קסם WideMoat US KTF ממ / S_051023_366_90_ND_2_Y_1_12_01 / 510938608 || איביאי מחקהSHILERCAPE US / S_250825_184_90_ND_2_Y_1_12_01 / 513765339 || קסם NDX100 KTF ממ / S_191223_366_90_ND_2_Y_1_12_01 / 510938608 || איביאי מחקהNuclearEnergמד / S_290525_365_90_ND_2_Y_1_12_01 / 513765339 || קסם MSCI ACWorld ETF מד / S_060325_365_90_ND_2_Y_1_12_01 / 510938608 || קסם KTF י(4A)י MVIS US Li / S_040425_363_90_ND_1_Y_1_12_01 / 510938608
47,693,74,איביאי מחקהIBOX$ IG0-5 ממ / S_210525_365_90_ND_1_Y_1_12_01 / 513765339 || איביאי מחקהBLOOUSINTERCRT / S_240425_365_90_ND_1_Y_1_12_01 / 513765339 || איביאי מחקהBLOOUSCOR1-5ממ / S_310325_365_90_ND_1_Y_1_12_01 / 513765339 || IBOX$ IG 0-5 PTFממ / S_260523_363_90_ND_1_Y_1_12_01 / 513765339 || פסגות BB US Corp1-5 ETF / S_300920_365_90_ND_3_Y_1_02_04 / 513765339 || איביאי מחקהBLOOMUSCOR1-5 / S_310325_365_90_ND_1_Y_1_12_01 / 513765339 || BLOOMBERG USCORP1-5PTFממ / S_300323_364_90_ND_1_Y_1_12_01 / 513765339 || BLOOMBERG USINTERCRDT PTF / S_270423_364_90_ND_1_Y_1_12_01 / 513765339 || איביאי מחקהIBOX$ IG0-5 ממ / S_211124_181_90_ND_1_Y_1_12_01 / 513765339 || איביאי מחקהBLOOMUSCOR1-5 / S_310326_365_90_ND_1_Y_1_12_01 / 513765339 || פסגותBB US CORP1-5 ETF / S_300621_365_90_ND_1_Y_1_02_04 / 513765339 || BLOOMBERG US CORP1-5 PTF / S_300323_364_90_ND_1_Y_1_12_01 / 513765339 || IBOX$ IG 0-5 PTFממ / S_230823_363_90_ND_1_Y_1_12_01 / 513765339 || BB US CORP 1-5 PTFממ / S_300622_364_90_ND_1_Y_1_02_04 / 513765339 || איביאי מחקהBLOOUSINTERCRT / S_240125_90_90_ND_1_Y_1_12_01 / 513765339
49,720,187,קסם BB Agriculture KTF / S_101221_364_90_ND_2_Y_1_02_02 / 510938608 || קסם BB Oil ETF ממ / S_271020_92_90_ND_2_Y_1_07_04 / 510938608 || קסם BB Oil ETF ממ / S_270121_90_90_ND_2_Y_1_07_04 / 510938608 || קסם BB Agriculture ETF / S_111220_364_90_ND_2_Y_1_07_02 / 510938608 || קסם BB Oil ETF / S_270121_90_90_ND_2_Y_1_07_04 / 510938608 || קסם BB Agriculture KTF / S_091222_364_90_ND_2_Y_1_12_01 / 510938608 || קסם BB Agriculture KTF / S_051225_364_90_ND_1_Y_1_12_01 / 510938608 || קסם ETFי (4D) חוזה Bloomb / S_270423_365_90_ND_2_Y_1_12_01 / 510938608 || קסם ETFי (4A) חוזה Bloomb / S_270423_365_90_ND_2_Y_1_12_01 / 510938608 || קסם BB Agriculture KTF / S_081223_364_90_ND_2_Y_1_12_01 / 510938608 || תכלית LBMA GOLD    TTF ממ / S_030326_87_90_ND_2_Y_1_09_04 / 513534974 || קסם BB Oil ETF / S_271020_92_90_ND_2_Y_1_07_04 / 510938608 || קסם ETFי (4A) חוזה Bloomb / S_260424_364_90_ND_2_Y_1_12_01 / 510938608 || תכלית LBMA GOLD    TTF ממ / S_041225_89_90_ND_2_Y_1_02_04 / 513534974 || קסם BB Agriculture ETF / S_121119_395_90_ND_2_Y_1_02_04 / 510938608
50,5847,349,הראל מחקה מש90 אגח10 מנ / הראל מחקה תל גוב-לא צמודו / 511776783 || הראל מחקה מש75 אג25 מ ממ / הראל מחקה תלבונד מאגר / 511776783 || הראל מחקה מש מניות חול ממ / הראל מחקה RUSSELL 2000 ממ / 511776783 || הראל מחקה מש מניות חול / הראל מחקה RUSSELL 2000 ממ / 511776783 || הראל מחקה מש מנסקטרארהבממ / הראל מחקה צריכה בסי SP ממ / 511776783 || הראל מחקה מש מנסקטרארהבממ / הראל מחקה SP TECH ממ / 511776783 || הראל מחקה מש90 אגח10 מנ / הראל מחקה תל דיב / 511776783 || מיטב תיק 15אגד ישראלי / תכלית TTF תא125 / 513534974 || מיטב תיקאגח 30אגד ישראלי / תכלית TTF תא125 / 513534974 || הראל מחקה מש90 אגח10 מנ / הראל מחקה תל-גובצמוד5-10 / 511776783 || הראל מחקה מש80 אגח20 מנ / הראל מחקה תל-גובצמוד5-10 / 511776783 || הראל מחקה מש אגח ישר שקל / הראל מחקה תל גוב-שקלי2-5 / 511776783 || הראל מחקה מש אגח ישר שקל / הראל מחקה תל-גוב משתנה / 511776783 || הראל מחקה מש אגח ישר שקל / הראל מחקה תל גוב-שקלי+5 / 511776783 || הראל מחקה מש75 אג25 מ ממ / הראל מחקה תל-גוב צמוד2-5 / 511776783
51,375601,1103,הראל מחקה מש90 אגח10 מנ / הראל סל תלבונד60 / 511776783 || קסם ETF מש מנ אירו מא / קסם STOXX Europe 600 ETF מנוטרלת אירו / 510938608 || קסם ETF מש מנ אירו מא / קסם STOXX Europe MID 200 ETF מנוטרלת איר / 510938608 || קסם ETF מש אגח כלל ומנ יש / קסם ETF ת_א 125 / 510938608 || קסם ETF מש אגח כלל ומנ יש / קסם ETF תל בונד שקלי / 510938608 || קסם ETF מש אגח כל ומנ / קסם MSCI Emerging Markets ETF / 510938608 || קסם ETF מש אגח כל ומנ / קסם ETF ת_א 125 / 510938608 || קסם ETF מש אגח כל ומנ / קסם ETF תל בונד שקלי / 510938608 || קסם ETF מש מנ Mid מפו ממ / קסם MDAX ETF מנוטרלת מט_ח / 510938608 || קסם ETF מש מנ Mid מפו ממ / קסם FTSE 250 ETF מנוטרלת מט_ח / 510938608 || קסם ETF מש מנ ארהב ממ / קסם S&P 500 ETF מנוטרלת מט_ח / 510938608 || קסם ETF מש מנ ארהב ממ / קסם NASDAQ 100 ETF מנוטרלת מט_ח / 510938608 || קסם ETF מש מנ ארהב ממ / קסם S&P SmallCap 600 ETF מנוטרלת מט_ח / 510938608 || קסם ETF מש מנ ארהב / קסם NASDAQ US BuyBack Achievers ETF / 510938608 || קסם ETF מש מנ ארהב / קסם S&P 500 ETF / 510938608
52,1025,70,איביאי (Tech Fund (5D / SOLIDUS LTD / 510791031 || איביאי (Tech Fund (5D / SONGO MEDIA LTD / 510791031 || איביאי (Tech Fund (5D / SHOPIC / 510791031 || איביאי (Tech Fund (5D / LIBERTY TECH LTD / 510791031 || איביאי (Tech Fund (5D / LIGHT SOLVER / 510791031 || איביאי (Tech Fund (5D / NOVELTY INC / 510791031 || איביאי (Tech Fund (5D / WISE ELEMENTS / 510791031 || איביאי (Tech Fund (5D / JUL SHOPPING LTD / 510791031 || איביאי (Tech Fund (5D / SCALEZ LTD / 510791031 || איביאי (Tech Fund (5D / NAILOMITICK LTD / 510791031 || איביאי (Tech Fund (5D / RIGHTBOUND INC / 510791031 || איביאי (Tech Fund (5D / XPERITY INC / 510791031 || איביאי (Tech Fund (5D / RAPYDO / 510791031 || איביאי (Tech Fund (5D / HYPERNATIVE / 510791031 || איביאי טכ עילית / SOLIDUS LTD / 513765339
53,70,70,"איביאי (Tech Fund (5D / סה""כ חברות ישראליות - מו""פ / 510791031 || איביאי טכ עילית / סה""כ חברות ישראליות - מו""פ / 513765339 || איביאי (Tech Fund (5D / סה''כ חברות ישראליות - מו''פ / 510791031 || איביאי טכ עילית / סה""כ חברות ישראליות - מו""פ / 510791031"
54,1227,356,קסם ETF כשרה תלבונד שקלי / קסם ETF תלבונד שקלי / 510938608 || קסם ETF כשרה תא 125 / קסם ETF תא 125 / 510938608 || הראל סל כש תלבונד שקלי / הראל סל תלבונד שקלי / 511776783 || הראל סל כש תא125 / הראל סל תא125 / 511776783 || הראל סל כש תא90 / הראל סל תא90 / 511776783 || תכלית סל כש תלבונד צ יתר / תכלית סל תל בונד צ יתר / 513534974 || תכלית סל כש תלבונד שקלי / תכלית סל תלבונד שקלי / 513534974 || תכלית סל כש תא125 / תכלית סל תא125 / 513534974 || קסם ETF כשרה תלבונד 60 / קסם ETF תלבונד 60 / 510938608 || הראל סל כש תלבונד60 / הראל סל תלבונד60 / 511776783 || MTF סל כש תל בונד שקלי / MTF סל 00 תל בונד שקלי / 511303661 || MTF סל כש ת''א-125 / MTF סל 4A ת''א 125 / 511303661 || תכלית סל כש תלבונד תשו / תכלית סל תלבונד תשו / 513534974 || פסגות ETF כש תלבונד60 / פסגות ETF תלבונד60 / 513765339 || פסגות ETF כש תא125 / פסגות ETF תא125 / 513765339
55,1227,356,"קסם ETF תא 125 / קסם ETF כשרה תא 125 / 510938608 || קסם ETF תלבונד שקלי / קסם ETF כשרה תלבונד שקלי / 510938608 || הראל סל תלבונד שקלי / הראל סל (00)  כשרה תל בונד שקלי / 511776783 || תכלית סל תל בונד צ יתר / תכלית סל (00) כשרה תל בונד צמודות-יתר / 513534974 || תכלית סל תלבונד שקלי / תכלית סל (00)  כשרה תל בונד שקלי / 513534974 || קסם ETF תלבונד 60 / קסם ETF כשרה תלבונד 60 / 510938608 || הראל סל תא125 / הראל סל (4A) כשרה ת""א 125 / 511776783 || הראל סל תא90 / הראל סל (4A) כשרה ת""א 90 / 511776783 || תכלית סל תא125 / תכלית סל (40)כשרה ת""א 125 / 513534974 || הראל סל תלבונד60 / הראל סל (00) כשרה תל בונד 60 / 511776783 || MTF סל תא 125 / MTF סל 4A כשרה ת''א 125 / 511303661 || פסגות ETF תלבונד60 / פסגות ETF כשרה תל בונד 60 (00) / 513765339 || MTF סל תלבונד שקלי / MTF סל כשרה תל בונד שקלי / 511303661 || קסם ETF (00)(!) תל בונד- / קסם ETFי(00)י(!) כשרה תל בונד-תשואות צמו / 510938608 || תכלית סל תלבונד תשו צמוד / תכלית סל (00) כשרה תל בונד תשואות צמודות / 513534974"
56,67341,689,תכלית סל NDX 100 ממ / SPOT_USDILS / 513534974 || תכלית סל SP500 ממ / SPOT_USDILS / 513534974 || תכלית SP500 TTF ממ / SPOT_USDILS / 513534974 || תכלית NDX 100 TTF ממ / SPOT_USDILS / 513534974 || תכלית סל RUSSELL 2000 ממ / SPOT_USDILS / 513534974 || תכלית NASDAQ GREEN TTF ממ / SPOT_USDILS / 513534974 || תכלית סל DAX ממ / SPOT_EURILS / 513534974 || תכלית סל STOXX600 מא / SPOT_EURILS / 513534974 || תכלית סלSP500 / SPOT_USDILS / 513534974 || תכליתSP500 TTF / SPOT_USDILS / 513534974 || תכלית STOX600 TTF מא / SPOT_EURILS / 513534974 || תכלית סלRUSSELL 2000 / SPOT_USDILS / 513534974 || תכלית סלNDX 100 / SPOT_USDILS / 513534974 || תכלית ISE CYBER TTF מד / SPOT_USDILS / 513534974 || תכליתPHLX SEMICOND TTF / SPOT_USDILS / 513534974
57,33126,870,קסם אקט קונצרני A ומעלה / תעשיות אלקטרוכימיות / 510938608 || קסם אקט כספית דולר / תעשיות אלקטרוכימיות / 510938608 || הראל 4D אודם / מפעלי פלדה מר 1 שח / 511776783 || הראל מעורבת / סיסמיקה5.0 / 511776783 || הראל מעורבת / משב מר 1 שח / 511776783 || הראל מעורבת / נגה אלקטרו / 511776783 || הראל מעורבת / IXI MOBILE INC-UNITS / 511776783 || מיטבLONG RUN 4D / חבס מר 1 שח / 513534974 || תכליתSP500 TTF / אילן גת מר 1 שח / 513534974 || קסם אקטיב תיק 20%+אגד חוץ / סנה / 510938608 || קסם אקט קונצרני שקלי10 + / פויכטונגר השק0.01 / 510938608 || קסם אקט קונצרני שקלי10 + / משב מר 1 שח / 510938608 || קסם אקט קונצרני שקלי10 + / סנה / 510938608 || קסם אקט תיק אגח ללא מניות / פויכטונגר השק0.01 / 510938608 || קסם אקט תיק אגח ללא מניות / עיט / 510938608
58,3080,162,"הראל סל תלבונד שקלי / 11/20 UP YEAR ALL / 511776783 || הראל סל תלבונד תשו ש / 11/20 UP YEAR ALL / 511776783 || הראל מחקה תלבונד שקלי / 11/20 UP YEAR ALL / 511776783 || הראל מחקה תלבונד מאגר / 11/20 UP YEAR ALL / 511776783 || הראל סל תלבונד-גלובל / 11/20 UP YEAR ALL / 511776783 || קסם אקט 10/90 תיק סולידי / W12.01.20 AXILION / 510938608 || קסם אקט ממשלתי15% + / W12.01.20 AXILION / 510938608 || קסם אקט ! מב קונצרנ10%+ / W12.01.20 AXILION / 510938608 || קסם אקט קונצרני שקלי10 + / W12.01.20 AXILION / 510938608 || קסם אקט30/70 / W12.01.20 AXILION / 510938608 || קסם אקט15/85 / W12.01.20 AXILION / 510938608 || קסם אקט אנרגיה / OPT ENERGY ROTEM / 510938608 || קסם אקט תיק אג""ח ומניות / W12.01.20 AXILION / 510938608 || קסם אקט עוקב תיק 3 בינ"" / W12.01.20 AXILION / 510938608 || קסם אקטיב(2B) י20/80 / W12.01.20 AXILION / 510938608"
99,31,10,"אנליסט (!) אג""ח / מנורה הון התח י / 511146490 || אנליסט 80/20 / מנורה הון התח י / 511146490 || אנליסט 80/20 / כלל הון  אגח טו / 511146490 || אנליסט פיזור רחב 80/20 / מגדל הון אגח יט / 511146490 || אנליסט 70/30 / מגדל הון אגח יט / 511146490 || אנליסט תיק השקעות עד 50% / מגדל הון אגח יט / 511146490 || אנליסט אג""ח פיזור רחב ללא / כלל הון  אגח טו / 511146490"
100,627831,1149,קסם IELXRNT KTF / פיקדון בבנק מסוים / 510938608 || הראל סל NIKKEI225 ממ / פיקדון בבנק מסוים / 511776783 || קסם SP500 ETF ממ / פיקדון בבנק מסוים / 510938608 || קסם ETFי (00) תל גוב- שקל / פיקדון בבנק מסוים / 510938608 || קסם NDX100 ETF ממ / פיקדון בבנק מסוים / 510938608 || קסם MSCI EM ETF / פיקדון בבנק מסוים / 510938608 || קסם ETFי (00) תל גוב- צמו / פיקדון בבנק מסוים / 510938608 || קסם NDX100 ETF / פיקדון בבנק מסוים / 510938608 || הראל סלSP500 / פיקדון בבנק מסוים / 511776783 || תכלית TTF מש מניות חול / פיקדון בבנק מסוים / 513534974 || קסם S&P Consumer Staples / פיקדון בבנק מסוים / 510938608 || קסם MSCI World ETF / פיקדון בבנק מסוים / 510938608 || קסם MSCI ACWorld ETF מד / פיקדון בבנק מסוים / 510938608 || הראל סלSP HEALTHCARE / פיקדון בבנק מסוים / 511776783 || קסם Russell 2000 ETF / פיקדון בבנק מסוים / 510938608
101,167,40,אלטשולר שחם כספית / פקדון לזמן קצוב בבנק מסוים / 511944670 || י.ל כספית / פקדון לזמן קצוב בבנק מסוים / 513846808 || י.ל.כספית ניהול נזילות / פקדון לזמן קצוב בבנק מסוים / 513846808 || אש כספית ללא קונצרני / פקדון לזמן קצוב בבנק מסוים / 511944670 || אש כספית ניהול נזילות / פקדון לזמן קצוב בבנק מסוים / 511944670 || מור סל S&P500 / פקדון לזמן קצוב בבנק מסוים / 514884485 || מור סל NASDAQ 100 ממ / פקדון לזמן קצוב בבנק מסוים / 514884485 || מור סל SP500 ממ / פקדון לזמן קצוב בבנק מסוים / 514884485 || MTF סל אנד צמיחה עולמי / פקדון לזמן קצוב בבנק מסוים / 511303661 || MTF סל אנד ערך עולמי / פקדון לזמן קצוב בבנק מסוים / 511303661 || MTF מח MSCI World / פקדון לזמן קצוב בבנק מסוים / 511303661 || MTF מח SP500 / פקדון לזמן קצוב בבנק מסוים / 511303661 || MTF מח SP500 ממ / פקדון לזמן קצוב בבנק מסוים / 511303661 || MTF מח Nasdaq 100 / פקדון לזמן קצוב בבנק מסוים / 511303661 || MTF סל Nasdaq 100 / פקדון לזמן קצוב בבנק מסוים / 511303661
102,25365,662,מור כספית 00 / עזריאלי קב -3ל / 514884485 || מור כספית 00 / ריט 1 נעמ ה לא סחיר / 514884485 || מור כספית 00 / סלע נדלן נעמ1 / 514884485 || מור כספית 00 / מטריקס נעמ 1 / 514884485 || מור כספית 00 / מימון ישיר -1ל / 514884485 || מגדל כספית / אפי נכסים נעמ-3 ל / 511303661 || מור כספית 00 / שיכון ובינוי נעמ2 / 514884485 || מגדל כספית / סלע נדלן נעמ 1 לא סחיר / 511303661 || מור כספית 00 / אפי נכסים נעמ 3-ל / 514884485 || מגדל כספית / מימון ישיר נעמ 1 לא סחיר / 511303661 || מגדל כספית / ריט 1 נעמ ה לא סחיר / 511303661 || מגדל כספית / ש.שלמה רכב נעמ-4ל / 511303661 || הראל כספית ניהול נזילות / סלע נדלן נעמ 1 לא סחיר / 511776783 || הראל כספית שקלית / סלע נדלן נעמ 1 לא סחיר / 511776783 || הראל כספית מגמת ריבית / סלע נדלן נעמ 1 לא סחיר / 511776783
103,2516,272,אנליסט )00( כספית שקלית / פקדון לזמן קצוב בבנק מסוים - עד 7 ימים / 511146490 || אנליסט )00( כספית / פקדון לזמן קצוב בבנק מסוים - עד 7 ימים / 511146490 || הראל סל SP500 ממ / פיקדון לזמן קצוב בבנק מסוים - עד 7 ימים / 511776783 || הראל סל NDX 100 ממ / פיקדון לזמן קצוב בבנק מסוים - עד 7 ימים / 511776783 || הראל סלSP HEALTHCARE / פיקדון לזמן קצוב בבנק מסוים - עד 7 ימים / 511776783 || הראל סלSP TECH / פיקדון לזמן קצוב בבנק מסוים - עד 7 ימים / 511776783 || הראל סלISE CYBER / פיקדון לזמן קצוב בבנק מסוים - עד 7 ימים / 511776783 || הראל סל SP500 LV ממ / פיקדון לזמן קצוב בבנק מסוים - עד 7 ימים / 511776783 || אנליסט כספית חיסכון / פקדון לזמן קצוב בבנק מסוים - עד 7 ימים / 511146490 || הראל סלSP500 / פיקדון לזמן קצוב בבנק מסוים - עד 7 ימים / 511776783 || הראל סלNDX 100 / פיקדון לזמן קצוב בבנק מסוים - עד 7 ימים / 511776783 || מגדל כספית / פיקדון לזמן קצוב בבנק מסוים - עד 7 ימים / 511303661 || מור מחקהNASDAQ100 / פיקדון לזמן קצוב בבנק מסוים - עד 7 ימים / 514884485 || קסם אקט כספית / פיקדון לזמן קצוב בבנק מסוים - עד 7 ימים / 510938608 || מור מחקה S&P 500 ממ / פיקדון לזמן קצוב בבנק מסוים - עד 7 ימים / 514884485
104,5473,524,הראל כספית שקלית / מליסרון נעמ סדרה-3 ל / 511776783 || הראל כספית מגמת ריבית / מליסרון נעמ סדרה-3 ל / 511776783 || הראל כספית ניהול נזילות / מליסרון נעמ סדרה-3 ל / 511776783 || מור כספית 00 / ביג נעמ-3ל / 514884485 || קסם אקטיב כספית שקלית / ביג נעמ 3לא סחיר / 510938608 || מגדל כספית שקלית / ביג נעמ 3לא סחיר / 511303661 || מגדל כספית / ביג נעמ 3לא סחיר / 511303661 || מגדל כספית מחלקת חודשי / ביג נעמ 3לא סחיר / 511303661 || הראל כספית שקלית / ביג נעמ 3לא סחיר / 511776783 || הראל כספית מגמת ריבית / ביג נעמ 3לא סחיר / 511776783 || הראל כספית ניהול נזילות / ביג נעמ 3לא סחיר / 511776783 || הראל כספית ניהול נזילות / מליסרון נעמ-3ל / 511776783 || מיטב כספית / ש.שלמה רכב נעמ-3ל / 513534974 || קסם אקטיב כספית פטורה / מליסרון נעמ סדרה-3 ל / 510938608 || קסם אקטיב כספית / ביג נעמ 3לא סחיר / 510938608
105,10751,368,הראל כספית מגמת ריבית / פיקדון לזמן קצוב בבנק מסוים מעל 7 ימים / 511776783 || הראל סלNDX 100 / פיקדון לזמן קצוב בבנק מסוים מעל 7 ימים / 511776783 || הראל סל SP500 ממ / פיקדון לזמן קצוב בבנק מסוים מעל 7 ימים / 511776783 || הראל סל NDX 100 ממ / פיקדון לזמן קצוב בבנק מסוים מעל 7 ימים / 511776783 || הראל סלSP TECH / פיקדון לזמן קצוב בבנק מסוים מעל 7 ימים / 511776783 || הראל סלSP500 / פיקדון לזמן קצוב בבנק מסוים מעל 7 ימים / 511776783 || הראל מחקה SP TECH ממ / פיקדון לזמן קצוב בבנק מסוים מעל 7 ימים / 511776783 || SP 500 PTFממ / פיקדון לזמן קצוב בבנק מסוים מעל 7 ימים / 513765339 || SP 500 PTF / פיקדון לזמן קצוב בבנק מסוים מעל 7 ימים / 513765339 || SHILLER CAPEמUS PTF / פיקדון לזמן קצוב בבנק מסוים מעל 7 ימים / 513765339 || SP FINANCE PTF / פיקדון לזמן קצוב בבנק מסוים מעל 7 ימים / 513765339 || STOXX 600 PTFמא / פיקדון לזמן קצוב בבנק מסוים מעל 7 ימים / 513765339 || הראל סלSP HEALTHCARE / פיקדון לזמן קצוב בבנק מסוים מעל 7 ימים / 511776783 || NDX 100 PTFממ / פיקדון לזמן קצוב בבנק מסוים מעל 7 ימים / 513765339 || NDX 100 PTF / פיקדון לזמן קצוב בבנק מסוים מעל 7 ימים / 513765339
109,721,211,מור כספית 00 / גמא נעמ-2ל / 514884485 || הראל כספית שקלית / גמא ניהול נעמ-2ל / 511776783 || הראל כספית מגמת ריבית / גמא ניהול נעמ-2ל / 511776783 || הראל כספית ניהול נזילות / גמא ניהול נעמ-2ל / 511776783 || מור כספית 00 / נאוי נעמ -5ל / 514884485 || קסם אקטיב כספית פטורה / גמא ניהול נעמ-2ל / 510938608 || קסם אקטיב כספית / גמא ניהול נעמ-2ל / 510938608 || הראל כספית שקלית / נאוי נעמ-7 ל / 511776783 || הראל כספית מגמת ריבית / נאוי נעמ-7 ל / 511776783 || הראל כספית ניהול נזילות / נאוי נעמ-7 ל / 511776783 || איילון (00) כספית / גמא ניהול נעמ-2ל / 513011445 || הראל כספית שקלית כשרה / גמא ניהול נעמ-2ל / 511776783 || איילון כספית ניהול נזילות / גמא ניהול נעמ-2ל / 513011445 || איילון (00) כספית / נאוי נעמ-7 ל / 513011445 || איילון כספית ניהול נזילות / נאוי נעמ-7 ל / 513011445
110,225,33,"מיטב כספית / שכון ובנוי נדלן נעמ-4ל / 513534974 || מיטב כספית ניהול נזילות / שכון ובנוי נדלן נעמ-4ל / 513534974 || מיטב כספית שקלית כשרה / שכון ובנוי נדלן נעמ-4ל / 513534974 || מור אג""ח פלוס ( / אספן נעמ -1ל / 514884485 || מור שקלי מדינה ללא מנ' כש / אספן נעמ -1ל / 514884485 || מור בונד שקלי A ומעלה / אספן נעמ -1ל / 514884485 || מור מדדית מדינה ללא מניות / אספן נעמ -1ל / 514884485 || מור אג""ח מדינה - כשרה / אספן נעמ -1ל / 514884485 || מור 15/85 A2 / אספן נעמ -1ל / 514884485 || מור A 10/901 / אספן נעמ -1ל / 514884485 || מור אג""ח ישראל - כשרה / אספן נעמ -1ל / 514884485 || מור B 25/752 / אספן נעמ -1ל / 514884485 || מור(2B)י30/70 / אספן נעמ -1ל / 514884485 || מור A ומעלה עד 4 שנים / אספן נעמ -1ל / 514884485 || מור (2B) ברקת 30/70 / אספן נעמ -1ל / 514884485"
111,59686,523,"תכלית סלSP500 / COLLATERAL - סכומים שנסלקו ע""י הקרן בגין / 513534974 || הראל סלSP500 / COLLATERAL - סכומים שנסלקו ע""י הקרן בגין / 511776783 || הראל סלSP HEALTHCARE / COLLATERAL - סכומים שנסלקו ע""י הקרן בגין / 511776783 || הראל סלSP TECH / COLLATERAL - סכומים שנסלקו ע""י הקרן בגין / 511776783 || קסם NDX100 ETF / Collateral / 510938608 || הראל סלNDX 100 / COLLATERAL - סכומים שנסלקו ע""י הקרן בגין / 511776783 || הראל מחקהSP500 / COLLATERAL - סכומים שנסלקו ע""י הקרן בגין / 511776783 || הראל מחקהNDX 100 / COLLATERAL - סכומים שנסלקו ע""י הקרן בגין / 511776783 || תכלית סלMSCI ACWORLD / COLLATERAL - סכומים שנסלקו ע""י הקרן בגין / 513534974 || תכליתSP500 TTF / COLLATERAL - סכומים שנסלקו ע""י הקרן בגין / 513534974 || הראל סלDOWJONES IA / COLLATERAL - סכומים שנסלקו ע""י הקרן בגין / 511776783 || הראל סלMSCI ACWORLD / COLLATERAL - סכומים שנסלקו ע""י הקרן בגין / 511776783 || MTF סל‏ SP500 / Collateral  - סכומים שנסלקו ע''י הקרן בג / 511303661 || קסם SP500 ETF / Collateral / 510938608 || תכלית סלNDX 100 / COLLATERAL - סכומים שנסלקו ע""י הקרן בגין / 513534974"
112,190,23,קסם אקטיב כספית שקלית / MTM בגין עסקאות ריפו / 510938608 || קסם אקטיב כספית / MTM בגין עסקאות ריפו / 510938608 || קסם אקטיב כספית פטורה / MTM בגין עסקאות ריפו / 510938608 || הראל סלSP500 / MTM בגין עסקאות ריפו / 511776783 || הראל כספית מגמת ריבית / MTM בגין עסקאות ריפו / 511776783 || הראל מחקהSP500 / MTM בגין עסקאות ריפו / 511776783 || הראל כספית ניהול נזילות / MTM בגין עסקאות ריפו / 511776783 || MTF סל‏ SP500 / בגין עסקאות ריפו י  MTM / 511303661 || איביאי סלSP 500 / MTM בגין עסקאות ריפו / 513765339 || הראל סלNDX 100 / MTM בגין עסקאות ריפו / 511776783 || הראל סל NDX 100 ממ / MTM בגין עסקאות ריפו / 511776783 || הראל סל SP500 ממ / MTM בגין עסקאות ריפו / 511776783 || הראל סלDOWJONES IA / MTM בגין עסקאות ריפו / 511776783 || הראל סל NIKKEI225 ממ / MTM בגין עסקאות ריפו / 511776783 || הראל סל STOXX600 ממ / MTM בגין עסקאות ריפו / 511776783
201,162252,1149,"קסם ETFי (00) תל גוב- צמו / התחייבויות למס הכנסה / 510938608 || קסם ETFי (00) תל גוב- שקל / התחייבויות למס הכנסה / 510938608 || קסם KTFי(4D)י Cboe S&P 50 / התחייבויות למס הכנסה / 510938608 || הראל מחקה מש90 אגח10 מנ / התחייבויות למס הכנסה / 511776783 || קסם KTF משולבת S&P ארה_ב / התחייבויות למס הכנסה / 510938608 || ילין 4D מניות חו""ל נקוב $ / התחייבויות למס הכנסה / 513846808 || פסטרנק שהם10/90 / התחייבויות למס הכנסה / 513011445 || מור ! אגח חברות זיקה יש$ / התחייבויות למס הכנסה / 514884485 || קסם Russell 2000 ETF / התחייבויות למס הכנסה / 510938608 || קסם MSCI India ETF / התחייבויות למס הכנסה / 510938608 || קסם KOSPI 200 ETF / התחייבויות למס הכנסה / 510938608 || קסם MSCI World ETF / התחייבויות למס הכנסה / 510938608 || קסם MSCI EM ETF / התחייבויות למס הכנסה / 510938608 || קסם LBMA Gold PM ETF / התחייבויות למס הכנסה / 510938608 || קסם MSCI FE ExJPN ETF / התחייבויות למס הכנסה / 510938608"
202,179514,1149,"אש SB אירופה AB ממ / התחייבויות בקשר עם אשראי לנכס / 511944670 || קסם IELXRNT KTF / התחייבויות בקשר עם אשראי לנכס / 510938608 || איביאי מחקהBSTARGREENTEC / התחייבויות בקשר עם אשראי לנכס / 510791031 || קסם ETFי (00) תל גוב- צמו / התחייבויות בקשר עם אשראי לנכס / 510938608 || קסם ETFי (00) תל גוב- שקל / התחייבויות בקשר עם אשראי לנכס / 510938608 || אש שווקים מפתח עד 30 מטח / התחייבויות בקשר עם אשראי לנכס / 511944670 || אושן גמישה / התחייבויות בקשר עם אשראי לנכס / 511756595 || איביאי מחקהNASDAQAIRLINE / התחייבויות בקשר עם אשראי לנכס / 510791031 || מור 20/80 מניות חו""ל / התחייבויות בקשר עם אשראי לנכס / 514884485 || אלטשולר עק חול 2 בנק בינל / התחייבויות בקשר עם אשראי לנכס / 511944670 || קסם Cleantech ETF / התחייבויות בקשר עם אשראי לנכס / 510938608 || איביאי מחקה גלבל פודטק מד / התחייבויות בקשר עם אשראי לנכס / 510791031 || קסם KTFי(4D)י Cboe S&P 50 / התחייבויות בקשר עם אשראי לנכס / 510938608 || איילון (4D) מניות גלובאלי / התחייבויות בקשר עם אשראי לנכס / 513011445 || אש מניות גלובלי עד 30 מטח / התחייבויות בקשר עם אשראי לנכס / 511944670"
203,215608,1149,קסם IELXRNT KTF / התחייבויות אחרות / 510938608 || קסם Cleantech ETF / התחייבויות אחרות / 510938608 || קסם KTFי(4D)י Cboe S&P 50 / התחייבויות אחרות / 510938608 || קסם Nikkei225 ETF ממ / התחייבויות אחרות / 510938608 || קסם FTSE250 ETF ממ / התחייבויות אחרות / 510938608 || קסם FTSE100 ETF ממ / התחייבויות אחרות / 510938608 || קסם FTSE100 ETF / התחייבויות אחרות / 510938608 || קסם Stox Mid200 ETF / התחייבויות אחרות / 510938608 || קסם ICCHNG ETF / התחייבויות אחרות / 510938608 || קסם Swiss SMI ETF / התחייבויות אחרות / 510938608 || קסם MSCI World ETF / התחייבויות אחרות / 510938608 || קסם MSCI EM ETF / התחייבויות אחרות / 510938608 || קסם Stox600 ETF מא / התחייבויות אחרות / 510938608 || קסם DJ HealthCare ETF / התחייבויות אחרות / 510938608 || קסם Stox Mid200 ETF מא / התחייבויות אחרות / 510938608
204,162156,1149,קסם ETFי (00) תל גוב- צמו / הפרשות למס רווחי הון / 510938608 || קסם ETFי (00) תל גוב- שקל / הפרשות למס רווחי הון / 510938608 || קסם KTFי(4D)י Cboe S&P 50 / הפרשות למס רווחי הון / 510938608 || הראל מחקה מש90 אגח10 מנ / הפרשות למס רווחי הון / 511776783 || קסם KTF משולבת S&P ארה_ב / הפרשות למס רווחי הון / 510938608 || פסטרנק שהם10/90 / הפרשות למס רווחי הון / 513011445 || קסם Russell 2000 ETF / הפרשות למס רווחי הון / 510938608 || קסם MSCI India ETF / הפרשות למס רווחי הון / 510938608 || קסם KOSPI 200 ETF / הפרשות למס רווחי הון / 510938608 || קסם MSCI World ETF / הפרשות למס רווחי הון / 510938608 || קסם MSCI EM ETF / הפרשות למס רווחי הון / 510938608 || קסם LBMA Gold PM ETF / הפרשות למס רווחי הון / 510938608 || קסם MSCI FE ExJPN ETF / הפרשות למס רווחי הון / 510938608 || קסם DJ HealthCare ETF / הפרשות למס רווחי הון / 510938608 || קסם ISE US Water ETF / הפרשות למס רווחי הון / 510938608
205,162135,1149,"קסם ETFי (00) תל גוב- צמו / הפרשה לתשלום שכר מנהל הקרן – דמי ניהול ק / 510938608 || קסם ETFי (00) תל גוב- שקל / הפרשה לתשלום שכר מנהל הקרן – דמי ניהול ק / 510938608 || קסם KTFי(4D)י Cboe S&P 50 / הפרשה לתשלום שכר מנהל הקרן – דמי ניהול ק / 510938608 || הראל מחקה מש90 אגח10 מנ / הפרשה לתשלום שכר מנהל הקרן דמי ניהול קבו / 511776783 || קסם KTF משולבת S&P ארה_ב / הפרשה לתשלום שכר מנהל הקרן – דמי ניהול ק / 510938608 || פסטרנק שהם10/90 / הפרשה לתשלום שכר מנהל הקרן דמי ניהול קבו / 513011445 || קסם S&P Consumer Staples / הפרשה לתשלום שכר מנהל הקרן – דמי ניהול ק / 510938608 || מור (4D)גמישה / הפרשה לתשלום שכר מנהל הקרן–דמי ניהול קבו / 514884485 || מור כספית 00 / הפרשה לתשלום שכר מנהל הקרן–דמי ניהול קבו / 514884485 || מור 15/85 A2 / הפרשה לתשלום שכר מנהל הקרן–דמי ניהול קבו / 514884485 || מור B 20/802 / הפרשה לתשלום שכר מנהל הקרן–דמי ניהול קבו / 514884485 || מור סולידית A0 / הפרשה לתשלום שכר מנהל הקרן–דמי ניהול קבו / 514884485 || מור B4 נדל""ן / הפרשה לתשלום שכר מנהל הקרן–דמי ניהול קבו / 514884485 || מור B4 יתר / הפרשה לתשלום שכר מנהל הקרן–דמי ניהול קבו / 514884485 || מור B 25/752 / הפרשה לתשלום שכר מנהל הקרן–דמי ניהול קבו / 514884485"
206,162136,1149,קסם ETFי (00) תל גוב- צמו / הפרשה לתשלום שכר הנאמן / 510938608 || קסם ETFי (00) תל גוב- שקל / הפרשה לתשלום שכר הנאמן / 510938608 || קסם KTFי(4D)י Cboe S&P 50 / הפרשה לתשלום שכר הנאמן / 510938608 || הראל מחקה מש90 אגח10 מנ / הפרשה לתשלום שכר הנאמן / 511776783 || קסם KTF משולבת S&P ארה_ב / הפרשה לתשלום שכר הנאמן / 510938608 || פסטרנק שהם10/90 / הפרשה לתשלום שכר הנאמן / 513011445 || קסם Russell 2000 ETF / הפרשה לתשלום שכר הנאמן / 510938608 || קסם MSCI India ETF / הפרשה לתשלום שכר הנאמן / 510938608 || קסם KOSPI 200 ETF / הפרשה לתשלום שכר הנאמן / 510938608 || קסם MSCI World ETF / הפרשה לתשלום שכר הנאמן / 510938608 || קסם MSCI EM ETF / הפרשה לתשלום שכר הנאמן / 510938608 || קסם LBMA Gold PM ETF / הפרשה לתשלום שכר הנאמן / 510938608 || קסם MSCI FE ExJPN ETF / הפרשה לתשלום שכר הנאמן / 510938608 || קסם DJ HealthCare ETF / הפרשה לתשלום שכר הנאמן / 510938608 || קסם ISE US Water ETF / הפרשה לתשלום שכר הנאמן / 510938608
207,162156,1149,"קסם ETFי (00) תל גוב- צמו / זקיפת הוצאות מכירה– ניירות ערך בארץ / 510938608 || קסם ETFי (00) תל גוב- שקל / זקיפת הוצאות מכירה– ניירות ערך בארץ / 510938608 || קסם KTFי(4D)י Cboe S&P 50 / זקיפת הוצאות מכירה– ניירות ערך בארץ / 510938608 || הראל מחקה מש90 אגח10 מנ / זקיפת הוצאות מכירה- ניירות ערך בארץ / 511776783 || קסם KTF משולבת S&P ארה_ב / זקיפת הוצאות מכירה– ניירות ערך בארץ / 510938608 || פסטרנק שהם10/90 / זקיפת הוצאות מכירה- ניירות ערך בארץ / 513011445 || קסם S&P Consumer Staples / זקיפת הוצאות מכירה– ניירות ערך בארץ / 510938608 || מור (4D)גמישה / זקיפת הוצאות מכירה- ניירות ערך בארץ / 514884485 || מור כספית 00 / זקיפת הוצאות מכירה- ניירות ערך בארץ / 514884485 || מור 15/85 A2 / זקיפת הוצאות מכירה- ניירות ערך בארץ / 514884485 || מור B 20/802 / זקיפת הוצאות מכירה- ניירות ערך בארץ / 514884485 || מור סולידית A0 / זקיפת הוצאות מכירה- ניירות ערך בארץ / 514884485 || מור B4 נדל""ן / זקיפת הוצאות מכירה- ניירות ערך בארץ / 514884485 || מור B4 יתר / זקיפת הוצאות מכירה- ניירות ערך בארץ / 514884485 || מור B 25/752 / זקיפת הוצאות מכירה- ניירות ערך בארץ / 514884485"
208,162156,1149,"קסם ETFי (00) תל גוב- צמו / זקיפת הוצאות מכירה– ניירות ערך חוץ / 510938608 || קסם ETFי (00) תל גוב- שקל / זקיפת הוצאות מכירה– ניירות ערך חוץ / 510938608 || קסם KTFי(4D)י Cboe S&P 50 / זקיפת הוצאות מכירה– ניירות ערך חוץ / 510938608 || הראל מחקה מש90 אגח10 מנ / זקיפת הוצאות מכירה- ניירות ערך חוץ / 511776783 || קסם KTF משולבת S&P ארה_ב / זקיפת הוצאות מכירה– ניירות ערך חוץ / 510938608 || פסטרנק שהם10/90 / זקיפת הוצאות מכירה- ניירות ערך חוץ / 513011445 || קסם S&P Consumer Staples / זקיפת הוצאות מכירה– ניירות ערך חוץ / 510938608 || מור (4D)גמישה / זקיפת הוצאות מכירה- ניירות ערך חוץ / 514884485 || מור כספית 00 / זקיפת הוצאות מכירה- ניירות ערך חוץ / 514884485 || מור 15/85 A2 / זקיפת הוצאות מכירה- ניירות ערך חוץ / 514884485 || מור B 20/802 / זקיפת הוצאות מכירה- ניירות ערך חוץ / 514884485 || מור סולידית A0 / זקיפת הוצאות מכירה- ניירות ערך חוץ / 514884485 || מור B4 נדל""ן / זקיפת הוצאות מכירה- ניירות ערך חוץ / 514884485 || מור B4 יתר / זקיפת הוצאות מכירה- ניירות ערך חוץ / 514884485 || מור B 25/752 / זקיפת הוצאות מכירה- ניירות ערך חוץ / 514884485"
209,162156,1149,"קסם ETFי (00) תל גוב- צמו / זקיפת הוצאות מכירה– נגזרים בארץ / 510938608 || קסם ETFי (00) תל גוב- שקל / זקיפת הוצאות מכירה– נגזרים בארץ / 510938608 || קסם KTFי(4D)י Cboe S&P 50 / זקיפת הוצאות מכירה– נגזרים בארץ / 510938608 || הראל מחקה מש90 אגח10 מנ / זקיפת הוצאות מכירה-נגזרים בארץ / 511776783 || קסם KTF משולבת S&P ארה_ב / זקיפת הוצאות מכירה– נגזרים בארץ / 510938608 || פסטרנק שהם10/90 / זקיפת הוצאות מכירה-נגזרים בארץ / 513011445 || קסם S&P Consumer Staples / זקיפת הוצאות מכירה– נגזרים בארץ / 510938608 || מור (4D)גמישה / זקיפת הוצאות מכירה- נגזרים בארץ / 514884485 || מור כספית 00 / זקיפת הוצאות מכירה- נגזרים בארץ / 514884485 || מור 15/85 A2 / זקיפת הוצאות מכירה- נגזרים בארץ / 514884485 || מור B 20/802 / זקיפת הוצאות מכירה- נגזרים בארץ / 514884485 || מור סולידית A0 / זקיפת הוצאות מכירה- נגזרים בארץ / 514884485 || מור B4 נדל""ן / זקיפת הוצאות מכירה- נגזרים בארץ / 514884485 || מור B4 יתר / זקיפת הוצאות מכירה- נגזרים בארץ / 514884485 || מור B 25/752 / זקיפת הוצאות מכירה- נגזרים בארץ / 514884485"
210,162150,1149,"קסם ETFי (00) תל גוב- צמו / זקיפת הוצאות מכירה– נגזרים בחו_ל / 510938608 || קסם ETFי (00) תל גוב- שקל / זקיפת הוצאות מכירה– נגזרים בחו_ל / 510938608 || קסם KTFי(4D)י Cboe S&P 50 / זקיפת הוצאות מכירה– נגזרים בחו_ל / 510938608 || הראל מחקה מש90 אגח10 מנ / זקיפת הוצאות מכירה-נגזרים בחו""ל / 511776783 || קסם KTF משולבת S&P ארה_ב / זקיפת הוצאות מכירה– נגזרים בחו_ל / 510938608 || פסטרנק שהם10/90 / זקיפת הוצאות מכירה-נגזרים בחו""ל / 513011445 || קסם S&P Consumer Staples / זקיפת הוצאות מכירה– נגזרים בחו_ל / 510938608 || מור (4D)גמישה / זקיפת הוצאות מכירה- נגזרים בחו""ל / 514884485 || מור כספית 00 / זקיפת הוצאות מכירה- נגזרים בחו""ל / 514884485 || מור 15/85 A2 / זקיפת הוצאות מכירה- נגזרים בחו""ל / 514884485 || מור B 20/802 / זקיפת הוצאות מכירה- נגזרים בחו""ל / 514884485 || מור סולידית A0 / זקיפת הוצאות מכירה- נגזרים בחו""ל / 514884485 || מור B4 נדל""ן / זקיפת הוצאות מכירה- נגזרים בחו""ל / 514884485 || מור B4 יתר / זקיפת הוצאות מכירה- נגזרים בחו""ל / 514884485 || מור B 25/752 / זקיפת הוצאות מכירה- נגזרים בחו""ל / 514884485"
211,163222,1149,קסם ETFי (00) תל גוב- צמו / התחייבויות בקשר לסליקת יחידות הקרן / 510938608 || קסם ETFי (00) תל גוב- שקל / התחייבויות בקשר לסליקת יחידות הקרן / 510938608 || קסם SP500 ETF / התחייבויות בקשר לסליקת יחידות הקרן / 510938608 || קסם NDX100 ETF / התחייבויות בקשר לסליקת יחידות הקרן / 510938608 || קסם SP Tech ETF / התחייבויות בקשר לסליקת יחידות הקרן / 510938608 || קסם KTFי(4D)י Cboe S&P 50 / התחייבויות בקשר לסליקת יחידות הקרן / 510938608 || קסם ETF ממ NDX100 פי3 / התחייבויות בקשר לסליקת יחידות הקרן / 510938608 || קסם HXRNTR ETF / התחייבויות בקשר לסליקת יחידות הקרן / 510938608 || הראל מחקה מש90 אגח10 מנ / התחייבויות בקשר לסליקת יחידות הקרן / 511776783 || קסם MSCI India ETF / התחייבויות בקשר לסליקת יחידות הקרן / 510938608 || קסם WideMoat US ETF / התחייבויות בקשר לסליקת יחידות הקרן / 510938608 || קסם SP Finance ETF / התחייבויות בקשר לסליקת יחידות הקרן / 510938608 || קסם ETF ממ SP500 פי3 / התחייבויות בקשר לסליקת יחידות הקרן / 510938608 || קסם SP HealthCare ETF / התחייבויות בקשר לסליקת יחידות הקרן / 510938608 || קסם KTF משולבת S&P ארה_ב / התחייבויות בקשר לסליקת יחידות הקרן / 510938608
212,164538,1149,"קסם ETFי (00) תל גוב- צמו / ריבית לקבל / 510938608 || קסם ETFי (00) תל גוב- שקל / ריבית לקבל / 510938608 || קסם KTFי(4D)י Cboe S&P 50 / ריבית לקבל / 510938608 || הראל מחקה מש90 אגח10 מנ / ריבית לקבל / 511776783 || קסם KTF משולבת S&P ארה_ב / ריבית לקבל / 510938608 || מור 10/90 תיק אג""ח חו""ל / ריבית לקבל / 514884485 || אלטשולר עק חול 2 בנק בינל / ריבית לקבל / 511944670 || MTF מח‏ iBox $ IG30 ממ / ריבית לקבל / 511303661 || פורצ'ן אג""ח בינלאומי / ריבית לקבל / 513011445 || מור ! אגח חברות זיקה יש$ / ריבית לקבל / 514884485 || י.ל אגח חב חול עד 30 מט / ריבית לקבל / 513846808 || פסטרנק שהם10/90 / ריבית לקבל / 513011445 || מור B 25/752 / ריבית לקבל / 514884485 || ילין 1D 10/90 אג חולומני / ריבית לקבל / 513846808 || ילין 0D ! אג""ח חו""ל / ריבית לקבל / 513846808"
213,189985,1149,איילון (4D) מניות גלובאלי / דיבידנד לקבל / 513011445 || איביאי מחקהBSTARGREENTEC / דיבידנד לקבל / 510791031 || אש מניות גלובלי עד 30 מטח / דיבידנד לקבל / 511944670 || קסם ETFי (00) תל גוב- צמו / דיבידנד לקבל / 510938608 || קסם ETFי (00) תל גוב- שקל / דיבידנד לקבל / 510938608 || אש SB אירופה AB ממ / דיבידנד לקבל / 511944670 || מור(2B)י30/70 / דיבידנד לקבל / 514884485 || אושן30/70 / דיבידנד לקבל / 511756595 || מור (4D)גמישה / דיבידנד לקבל / 514884485 || סיגמא (4D) מניות דיבידנד / דיבידנד לקבל / 511756595 || מור אנרגיה נקיה גלובלי / דיבידנד לקבל / 514884485 || אושן20/80 / דיבידנד לקבל / 511756595 || מור מניות צמיחה גלובלי / דיבידנד לקבל / 514884485 || מור 15/85 A2 / דיבידנד לקבל / 514884485 || אושן גמישה / דיבידנד לקבל / 511756595
214,162136,1149,"קסם ETFי (00) תל גוב- צמו / הפרשה לתשלום שכר מנהל הקרן – דמי ניהול מ / 510938608 || קסם ETFי (00) תל גוב- שקל / הפרשה לתשלום שכר מנהל הקרן – דמי ניהול מ / 510938608 || קסם KTFי(4D)י Cboe S&P 50 / הפרשה לתשלום שכר מנהל הקרן – דמי ניהול מ / 510938608 || הראל מחקה מש90 אגח10 מנ / הפרשה לתשלום שכר מנהל הקרן דמי ניהול משת / 511776783 || קסם KTF משולבת S&P ארה_ב / הפרשה לתשלום שכר מנהל הקרן – דמי ניהול מ / 510938608 || פסטרנק שהם10/90 / הפרשה לתשלום שכר מנהל הקרן דמי ניהול משת / 513011445 || קסם S&P Consumer Staples / הפרשה לתשלום שכר מנהל הקרן – דמי ניהול מ / 510938608 || מור (4D)גמישה / הפרשה לתשלום שכר מנהל הקרן – דמי ניהול מ / 514884485 || מור כספית 00 / הפרשה לתשלום שכר מנהל הקרן – דמי ניהול מ / 514884485 || מור 15/85 A2 / הפרשה לתשלום שכר מנהל הקרן – דמי ניהול מ / 514884485 || מור B 20/802 / הפרשה לתשלום שכר מנהל הקרן – דמי ניהול מ / 514884485 || מור סולידית A0 / הפרשה לתשלום שכר מנהל הקרן – דמי ניהול מ / 514884485 || מור B4 נדל""ן / הפרשה לתשלום שכר מנהל הקרן – דמי ניהול מ / 514884485 || מור B4 יתר / הפרשה לתשלום שכר מנהל הקרן – דמי ניהול מ / 514884485 || מור B 25/752 / הפרשה לתשלום שכר מנהל הקרן – דמי ניהול מ / 514884485"
215,161647,1149,קסם ETFי (00) תל גוב- צמו / הפרשה לשכר כחלק יחסי מהרווח שצמח לקרן טכ / 510938608 || קסם ETFי (00) תל גוב- שקל / הפרשה לשכר כחלק יחסי מהרווח שצמח לקרן טכ / 510938608 || קסם KTFי(4D)י Cboe S&P 50 / הפרשה לשכר כחלק יחסי מהרווח שצמח לקרן טכ / 510938608 || הראל מחקה מש90 אגח10 מנ / הפרשה לשכר כחלק יחסי מהרווח שצמח לקרן טכ / 511776783 || קסם KTF משולבת S&P ארה_ב / הפרשה לשכר כחלק יחסי מהרווח שצמח לקרן טכ / 510938608 || פסטרנק שהם10/90 / הפרשה לשכר כחלק יחסי מהרווח שצמח לקרן טכ / 513011445 || קסם Russell 2000 ETF / הפרשה לשכר כחלק יחסי מהרווח שצמח לקרן טכ / 510938608 || קסם MSCI India ETF / הפרשה לשכר כחלק יחסי מהרווח שצמח לקרן טכ / 510938608 || קסם KOSPI 200 ETF / הפרשה לשכר כחלק יחסי מהרווח שצמח לקרן טכ / 510938608 || קסם MSCI World ETF / הפרשה לשכר כחלק יחסי מהרווח שצמח לקרן טכ / 510938608 || קסם MSCI EM ETF / הפרשה לשכר כחלק יחסי מהרווח שצמח לקרן טכ / 510938608 || קסם LBMA Gold PM ETF / הפרשה לשכר כחלק יחסי מהרווח שצמח לקרן טכ / 510938608 || קסם MSCI FE ExJPN ETF / הפרשה לשכר כחלק יחסי מהרווח שצמח לקרן טכ / 510938608 || קסם DJ HealthCare ETF / הפרשה לשכר כחלק יחסי מהרווח שצמח לקרן טכ / 510938608 || קסם ISE US Water ETF / הפרשה לשכר כחלק יחסי מהרווח שצמח לקרן טכ / 510938608
216,6098,57,תכלית סל ממ NAS100 4A / SPOT_USDILS / 513534974 || ממ S&P 500 4Aתכלית סל / SPOT_USDILS / 513534974 || תכלית NASDAQ Green TTF 4A / SPOT_USDILS / 513534974 || תכליתסל 4A MS AWמ ד / SPOT_USDILS / 513534974 || תכלית סל ממ DAX 304A / SPOT_EURILS / 513534974 || תכלית סל ממRussell2000 4A / SPOT_USDILS / 513534974 || א.ש AB AU MF T30 SBממ 4A / SPOT_AUDILS / 511944670 || תכלית סלSTO Eur 6004A מ א / SPOT_EURILS / 513534974 || א.ש SB אירופה 4A ממ / SPOT_EURILS / 511944670 || א.ש SB אירופה 4A ממ / SPOT_GBPILS / 511944670 || א.שSB מש אגח מנ 50 ממ 4A / SPOT_GBPILS / 511944670 || אש 4A SB משMRK NTL ממ חד / SPOT_GBPILS / 511944670 || תכלית TTF ISE Cyber מד 4B / SPOT_USDILS / 513534974 || DJ Internet PTF ממ 4A / SPOT_USDILS / 513765339 || תכליתסל4A DJ IntCממ / SPOT_USDILS / 513534974
217,148683,1049,"קסם ETFי (00) תל גוב- צמו / סך התחייבויות בקשר לאג_ח בפדיון מלא או ח / 510938608 || קסם ETFי (00) תל גוב- שקל / סך התחייבויות בקשר לאג_ח בפדיון מלא או ח / 510938608 || קסם KTFי(4D)י Cboe S&P 50 / סך התחייבויות בקשר לאג_ח בפדיון מלא או ח / 510938608 || הראל מחקה מש90 אגח10 מנ / סך התחייבויות בקשר לאג""ח בפדיון מלא או ח / 511776783 || קסם KTF משולבת S&P ארה_ב / סך התחייבויות בקשר לאג_ח בפדיון מלא או ח / 510938608 || פסטרנק שהם10/90 / סך התחייבויות בקשר לאג""ח בפדיון מלא או ח / 513011445 || קסם S&P Consumer Staples / סך התחייבויות בקשר לאג_ח בפדיון מלא או ח / 510938608 || קסם Russell 2000 ETF / סך התחייבויות בקשר לאג_ח בפדיון מלא או ח / 510938608 || קסם MSCI India ETF / סך התחייבויות בקשר לאג_ח בפדיון מלא או ח / 510938608 || קסם KOSPI 200 ETF / סך התחייבויות בקשר לאג_ח בפדיון מלא או ח / 510938608 || קסם MSCI World ETF / סך התחייבויות בקשר לאג_ח בפדיון מלא או ח / 510938608 || קסם MSCI EM ETF / סך התחייבויות בקשר לאג_ח בפדיון מלא או ח / 510938608 || קסם LBMA Gold PM ETF / סך התחייבויות בקשר לאג_ח בפדיון מלא או ח / 510938608 || קסם MSCI FE ExJPN ETF / סך התחייבויות בקשר לאג_ח בפדיון מלא או ח / 510938608 || קסם DJ HealthCare ETF / סך התחייבויות בקשר לאג_ח בפדיון מלא או ח / 510938608"
300,162136,1149,"קסם ETFי (00) תל גוב- צמו / שווי נקי של נכסי הקרן לתאריך הדוח / 510938608 || קסם ETFי (00) תל גוב- שקל / שווי נקי של נכסי הקרן לתאריך הדוח / 510938608 || קסם KTFי(4D)י Cboe S&P 50 / שווי נקי של נכסי הקרן לתאריך הדוח / 510938608 || הראל מחקה מש90 אגח10 מנ / שווי נקי של נכסי הקרן / 511776783 || קסם KTF משולבת S&P ארה_ב / שווי נקי של נכסי הקרן לתאריך הדוח / 510938608 || פסטרנק שהם10/90 / שווי נקי של נכסי הקרן / 513011445 || קסם S&P Consumer Staples / שווי נקי של נכסי הקרן לתאריך הדוח / 510938608 || מור (4D)גמישה / שווי נקי של נכסי הקרן / 514884485 || מור כספית 00 / שווי נקי של נכסי הקרן / 514884485 || מור 15/85 A2 / שווי נקי של נכסי הקרן / 514884485 || מור B 20/802 / שווי נקי של נכסי הקרן / 514884485 || מור סולידית A0 / שווי נקי של נכסי הקרן / 514884485 || מור B4 נדל""ן / שווי נקי של נכסי הקרן / 514884485 || מור B4 יתר / שווי נקי של נכסי הקרן / 514884485 || מור B 25/752 / שווי נקי של נכסי הקרן / 514884485"
301,162136,1149,קסם ETFי (00) תל גוב- צמו / מספר יחידות הקרן / 510938608 || קסם ETFי (00) תל גוב- שקל / מספר יחידות הקרן / 510938608 || קסם KTFי(4D)י Cboe S&P 50 / מספר יחידות הקרן / 510938608 || הראל מחקה מש90 אגח10 מנ / מספר יחידות הקרן / 511776783 || קסם KTF משולבת S&P ארה_ב / מספר יחידות הקרן / 510938608 || פסטרנק שהם10/90 / מספר יחידות הקרן / 513011445 || קסם Russell 2000 ETF / מספר יחידות הקרן / 510938608 || קסם MSCI India ETF / מספר יחידות הקרן / 510938608 || קסם KOSPI 200 ETF / מספר יחידות הקרן / 510938608 || קסם MSCI World ETF / מספר יחידות הקרן / 510938608 || קסם MSCI EM ETF / מספר יחידות הקרן / 510938608 || קסם LBMA Gold PM ETF / מספר יחידות הקרן / 510938608 || קסם MSCI FE ExJPN ETF / מספר יחידות הקרן / 510938608 || קסם DJ HealthCare ETF / מספר יחידות הקרן / 510938608 || קסם ISE US Water ETF / מספר יחידות הקרן / 510938608
302,162156,1149,"קסם ETFי (00) תל גוב- צמו / הפסד הון נצבר לצורכי מס ממימוש ני_ע ליום / 510938608 || קסם ETFי (00) תל גוב- שקל / הפסד הון נצבר לצורכי מס ממימוש ני_ע ליום / 510938608 || קסם KTFי(4D)י Cboe S&P 50 / הפסד הון נצבר לצורכי מס ממימוש ני_ע ליום / 510938608 || הראל מחקה מש90 אגח10 מנ / הפסד הון נצבר לצורכי מס ממימוש ני""ע ליום / 511776783 || קסם KTF משולבת S&P ארה_ב / הפסד הון נצבר לצורכי מס ממימוש ני_ע ליום / 510938608 || פסטרנק שהם10/90 / הפסד הון נצבר לצורכי מס ממימוש ני""ע ליום / 513011445 || קסם S&P Consumer Staples / הפסד הון נצבר לצורכי מס ממימוש ני_ע ליום / 510938608 || מור (4D)גמישה / הפסד הון נצבר לצורכי מס ממימוש ניירות ער / 514884485 || מור כספית 00 / הפסד הון נצבר לצורכי מס ממימוש ניירות ער / 514884485 || מור 15/85 A2 / הפסד הון נצבר לצורכי מס ממימוש ניירות ער / 514884485 || מור B 20/802 / הפסד הון נצבר לצורכי מס ממימוש ניירות ער / 514884485 || מור סולידית A0 / הפסד הון נצבר לצורכי מס ממימוש ניירות ער / 514884485 || מור B4 נדל""ן / הפסד הון נצבר לצורכי מס ממימוש ניירות ער / 514884485 || מור B4 יתר / הפסד הון נצבר לצורכי מס ממימוש ניירות ער / 514884485 || מור B 25/752 / הפסד הון נצבר לצורכי מס ממימוש ניירות ער / 514884485"
303,162136,1149,קסם ETFי (00) תל גוב- צמו / בטוחות נדרשות בשל פעילות בנגזרים בארץ / 510938608 || קסם ETFי (00) תל גוב- שקל / בטוחות נדרשות בשל פעילות בנגזרים בארץ / 510938608 || קסם KTFי(4D)י Cboe S&P 50 / בטוחות נדרשות בשל פעילות בנגזרים בארץ / 510938608 || הראל מחקה מש90 אגח10 מנ / בטוחות נדרשות בשל פעילות בנגזרים בארץ / 511776783 || קסם KTF משולבת S&P ארה_ב / בטוחות נדרשות בשל פעילות בנגזרים בארץ / 510938608 || פסטרנק שהם10/90 / בטוחות נדרשות בשל פעילות בנגזרים בארץ / 513011445 || קסם Russell 2000 ETF / בטוחות נדרשות בשל פעילות בנגזרים בארץ / 510938608 || קסם MSCI India ETF / בטוחות נדרשות בשל פעילות בנגזרים בארץ / 510938608 || קסם KOSPI 200 ETF / בטוחות נדרשות בשל פעילות בנגזרים בארץ / 510938608 || קסם MSCI World ETF / בטוחות נדרשות בשל פעילות בנגזרים בארץ / 510938608 || קסם MSCI EM ETF / בטוחות נדרשות בשל פעילות בנגזרים בארץ / 510938608 || קסם LBMA Gold PM ETF / בטוחות נדרשות בשל פעילות בנגזרים בארץ / 510938608 || קסם MSCI FE ExJPN ETF / בטוחות נדרשות בשל פעילות בנגזרים בארץ / 510938608 || קסם DJ HealthCare ETF / בטוחות נדרשות בשל פעילות בנגזרים בארץ / 510938608 || קסם ISE US Water ETF / בטוחות נדרשות בשל פעילות בנגזרים בארץ / 510938608
304,162158,1149,"קסם ETFי (00) תל גוב- צמו / בטוחות נדרשות בשל פעילות בנגזרים בחו_ל / 510938608 || קסם ETFי (00) תל גוב- שקל / בטוחות נדרשות בשל פעילות בנגזרים בחו_ל / 510938608 || קסם KTFי(4D)י Cboe S&P 50 / בטוחות נדרשות בשל פעילות בנגזרים בחו_ל / 510938608 || הראל מחקה מש90 אגח10 מנ / בטוחות נדרשות בשל פעילות בנגזרים בחו""ל / 511776783 || קסם KTF משולבת S&P ארה_ב / בטוחות נדרשות בשל פעילות בנגזרים בחו_ל / 510938608 || פסטרנק שהם10/90 / בטוחות נדרשות בשל פעילות בנגזרים בחו""ל / 513011445 || קסם Russell 2000 ETF / בטוחות נדרשות בשל פעילות בנגזרים בחו_ל / 510938608 || קסם MSCI India ETF / בטוחות נדרשות בשל פעילות בנגזרים בחו_ל / 510938608 || קסם KOSPI 200 ETF / בטוחות נדרשות בשל פעילות בנגזרים בחו_ל / 510938608 || קסם MSCI World ETF / בטוחות נדרשות בשל פעילות בנגזרים בחו_ל / 510938608 || קסם MSCI EM ETF / בטוחות נדרשות בשל פעילות בנגזרים בחו_ל / 510938608 || קסם LBMA Gold PM ETF / בטוחות נדרשות בשל פעילות בנגזרים בחו_ל / 510938608 || קסם MSCI FE ExJPN ETF / בטוחות נדרשות בשל פעילות בנגזרים בחו_ל / 510938608 || קסם DJ HealthCare ETF / בטוחות נדרשות בשל פעילות בנגזרים בחו_ל / 510938608 || קסם ISE US Water ETF / בטוחות נדרשות בשל פעילות בנגזרים בחו_ל / 510938608"
305,162156,1149,קסם ETFי (00) תל גוב- צמו / סך חודשי עמלות רכישה – ניירות ערך בארץ / 510938608 || קסם ETFי (00) תל גוב- שקל / סך חודשי עמלות רכישה – ניירות ערך בארץ / 510938608 || קסם KTFי(4D)י Cboe S&P 50 / סך חודשי עמלות רכישה – ניירות ערך בארץ / 510938608 || הראל מחקה מש90 אגח10 מנ / סך חודשי עמלות רכישה - ניירות ערך בארץ / 511776783 || קסם KTF משולבת S&P ארה_ב / סך חודשי עמלות רכישה – ניירות ערך בארץ / 510938608 || פסטרנק שהם10/90 / סך חודשי עמלות רכישה - ניירות ערך בארץ / 513011445 || קסם Russell 2000 ETF / סך חודשי עמלות רכישה – ניירות ערך בארץ / 510938608 || קסם MSCI India ETF / סך חודשי עמלות רכישה – ניירות ערך בארץ / 510938608 || קסם KOSPI 200 ETF / סך חודשי עמלות רכישה – ניירות ערך בארץ / 510938608 || קסם MSCI World ETF / סך חודשי עמלות רכישה – ניירות ערך בארץ / 510938608 || קסם MSCI EM ETF / סך חודשי עמלות רכישה – ניירות ערך בארץ / 510938608 || קסם LBMA Gold PM ETF / סך חודשי עמלות רכישה – ניירות ערך בארץ / 510938608 || קסם MSCI FE ExJPN ETF / סך חודשי עמלות רכישה – ניירות ערך בארץ / 510938608 || קסם DJ HealthCare ETF / סך חודשי עמלות רכישה – ניירות ערך בארץ / 510938608 || קסם ISE US Water ETF / סך חודשי עמלות רכישה – ניירות ערך בארץ / 510938608
306,162156,1149,קסם ETFי (00) תל גוב- צמו / סך חודשי עמלות מכירה – ניירות ערך בארץ / 510938608 || קסם ETFי (00) תל גוב- שקל / סך חודשי עמלות מכירה – ניירות ערך בארץ / 510938608 || קסם KTFי(4D)י Cboe S&P 50 / סך חודשי עמלות מכירה – ניירות ערך בארץ / 510938608 || הראל מחקה מש90 אגח10 מנ / סך חודשי עמלות מכירה - ניירות ערך בארץ / 511776783 || קסם KTF משולבת S&P ארה_ב / סך חודשי עמלות מכירה – ניירות ערך בארץ / 510938608 || פסטרנק שהם10/90 / סך חודשי עמלות מכירה - ניירות ערך בארץ / 513011445 || קסם Russell 2000 ETF / סך חודשי עמלות מכירה – ניירות ערך בארץ / 510938608 || קסם MSCI India ETF / סך חודשי עמלות מכירה – ניירות ערך בארץ / 510938608 || קסם KOSPI 200 ETF / סך חודשי עמלות מכירה – ניירות ערך בארץ / 510938608 || קסם MSCI World ETF / סך חודשי עמלות מכירה – ניירות ערך בארץ / 510938608 || קסם MSCI EM ETF / סך חודשי עמלות מכירה – ניירות ערך בארץ / 510938608 || קסם LBMA Gold PM ETF / סך חודשי עמלות מכירה – ניירות ערך בארץ / 510938608 || קסם MSCI FE ExJPN ETF / סך חודשי עמלות מכירה – ניירות ערך בארץ / 510938608 || קסם DJ HealthCare ETF / סך חודשי עמלות מכירה – ניירות ערך בארץ / 510938608 || קסם ISE US Water ETF / סך חודשי עמלות מכירה – ניירות ערך בארץ / 510938608
307,162156,1149,קסם ETFי (00) תל גוב- צמו / סך חודשי עמלות רכישה – ניירות ערך חוץ / 510938608 || קסם ETFי (00) תל גוב- שקל / סך חודשי עמלות רכישה – ניירות ערך חוץ / 510938608 || קסם KTFי(4D)י Cboe S&P 50 / סך חודשי עמלות רכישה – ניירות ערך חוץ / 510938608 || הראל מחקה מש90 אגח10 מנ / סך חודשי עמלות רכישה - ניירות ערך חוץ / 511776783 || קסם KTF משולבת S&P ארה_ב / סך חודשי עמלות רכישה – ניירות ערך חוץ / 510938608 || פסטרנק שהם10/90 / סך חודשי עמלות רכישה - ניירות ערך חוץ / 513011445 || קסם Russell 2000 ETF / סך חודשי עמלות רכישה – ניירות ערך חוץ / 510938608 || קסם MSCI India ETF / סך חודשי עמלות רכישה – ניירות ערך חוץ / 510938608 || קסם KOSPI 200 ETF / סך חודשי עמלות רכישה – ניירות ערך חוץ / 510938608 || קסם MSCI World ETF / סך חודשי עמלות רכישה – ניירות ערך חוץ / 510938608 || קסם MSCI EM ETF / סך חודשי עמלות רכישה – ניירות ערך חוץ / 510938608 || קסם LBMA Gold PM ETF / סך חודשי עמלות רכישה – ניירות ערך חוץ / 510938608 || קסם MSCI FE ExJPN ETF / סך חודשי עמלות רכישה – ניירות ערך חוץ / 510938608 || קסם DJ HealthCare ETF / סך חודשי עמלות רכישה – ניירות ערך חוץ / 510938608 || קסם ISE US Water ETF / סך חודשי עמלות רכישה – ניירות ערך חוץ / 510938608
308,162155,1149,קסם ETFי (00) תל גוב- צמו / סך חודשי עמלות מכירה – ניירות ערך חוץ / 510938608 || קסם ETFי (00) תל גוב- שקל / סך חודשי עמלות מכירה – ניירות ערך חוץ / 510938608 || קסם KTFי(4D)י Cboe S&P 50 / סך חודשי עמלות מכירה – ניירות ערך חוץ / 510938608 || הראל מחקה מש90 אגח10 מנ / סך חודשי עמלות מכירה - ניירות ערך חוץ / 511776783 || קסם KTF משולבת S&P ארה_ב / סך חודשי עמלות מכירה – ניירות ערך חוץ / 510938608 || פסטרנק שהם10/90 / סך חודשי עמלות מכירה - ניירות ערך חוץ / 513011445 || קסם Russell 2000 ETF / סך חודשי עמלות מכירה – ניירות ערך חוץ / 510938608 || קסם MSCI India ETF / סך חודשי עמלות מכירה – ניירות ערך חוץ / 510938608 || קסם KOSPI 200 ETF / סך חודשי עמלות מכירה – ניירות ערך חוץ / 510938608 || קסם MSCI World ETF / סך חודשי עמלות מכירה – ניירות ערך חוץ / 510938608 || קסם MSCI EM ETF / סך חודשי עמלות מכירה – ניירות ערך חוץ / 510938608 || קסם LBMA Gold PM ETF / סך חודשי עמלות מכירה – ניירות ערך חוץ / 510938608 || קסם MSCI FE ExJPN ETF / סך חודשי עמלות מכירה – ניירות ערך חוץ / 510938608 || קסם DJ HealthCare ETF / סך חודשי עמלות מכירה – ניירות ערך חוץ / 510938608 || קסם ISE US Water ETF / סך חודשי עמלות מכירה – ניירות ערך חוץ / 510938608
309,162156,1149,קסם ETFי (00) תל גוב- צמו / סך חודשי עמלות – נגזרים בארץ / 510938608 || קסם ETFי (00) תל גוב- שקל / סך חודשי עמלות – נגזרים בארץ / 510938608 || קסם KTFי(4D)י Cboe S&P 50 / סך חודשי עמלות – נגזרים בארץ / 510938608 || הראל מחקה מש90 אגח10 מנ / סך חודשי עמלות - נגזרים בארץ / 511776783 || קסם KTF משולבת S&P ארה_ב / סך חודשי עמלות – נגזרים בארץ / 510938608 || פסטרנק שהם10/90 / סך חודשי עמלות - נגזרים בארץ / 513011445 || קסם Russell 2000 ETF / סך חודשי עמלות – נגזרים בארץ / 510938608 || קסם MSCI India ETF / סך חודשי עמלות – נגזרים בארץ / 510938608 || קסם KOSPI 200 ETF / סך חודשי עמלות – נגזרים בארץ / 510938608 || קסם MSCI World ETF / סך חודשי עמלות – נגזרים בארץ / 510938608 || קסם MSCI EM ETF / סך חודשי עמלות – נגזרים בארץ / 510938608 || קסם LBMA Gold PM ETF / סך חודשי עמלות – נגזרים בארץ / 510938608 || קסם MSCI FE ExJPN ETF / סך חודשי עמלות – נגזרים בארץ / 510938608 || קסם DJ HealthCare ETF / סך חודשי עמלות – נגזרים בארץ / 510938608 || קסם ISE US Water ETF / סך חודשי עמלות – נגזרים בארץ / 510938608
310,162156,1149,"קסם ETFי (00) תל גוב- צמו / סך חודשי עמלות – נגזרים בחו_ל / 510938608 || קסם ETFי (00) תל גוב- שקל / סך חודשי עמלות – נגזרים בחו_ל / 510938608 || קסם KTFי(4D)י Cboe S&P 50 / סך חודשי עמלות – נגזרים בחו_ל / 510938608 || הראל מחקה מש90 אגח10 מנ / סך חודשי עמלות - נגזרים בחו""ל / 511776783 || קסם KTF משולבת S&P ארה_ב / סך חודשי עמלות – נגזרים בחו_ל / 510938608 || פסטרנק שהם10/90 / סך חודשי עמלות - נגזרים בחו""ל / 513011445 || קסם Russell 2000 ETF / סך חודשי עמלות – נגזרים בחו_ל / 510938608 || קסם MSCI India ETF / סך חודשי עמלות – נגזרים בחו_ל / 510938608 || קסם KOSPI 200 ETF / סך חודשי עמלות – נגזרים בחו_ל / 510938608 || קסם MSCI World ETF / סך חודשי עמלות – נגזרים בחו_ל / 510938608 || קסם MSCI EM ETF / סך חודשי עמלות – נגזרים בחו_ל / 510938608 || קסם LBMA Gold PM ETF / סך חודשי עמלות – נגזרים בחו_ל / 510938608 || קסם MSCI FE ExJPN ETF / סך חודשי עמלות – נגזרים בחו_ל / 510938608 || קסם DJ HealthCare ETF / סך חודשי עמלות – נגזרים בחו_ל / 510938608 || קסם ISE US Water ETF / סך חודשי עמלות – נגזרים בחו_ל / 510938608"
311,162138,1149,"קסם ETFי (00) תל גוב- צמו / שווי עסקאות רכישת ני_ע/נגזרים במהלך החוד / 510938608 || קסם ETFי (00) תל גוב- שקל / שווי עסקאות רכישת ני_ע/נגזרים במהלך החוד / 510938608 || קסם KTFי(4D)י Cboe S&P 50 / שווי עסקאות רכישת ני_ע/נגזרים במהלך החוד / 510938608 || הראל מחקה מש90 אגח10 מנ / שווי עסקאות רכישת ני""ע/נגזרים במהלך החוד / 511776783 || קסם KTF משולבת S&P ארה_ב / שווי עסקאות רכישת ני_ע/נגזרים במהלך החוד / 510938608 || פסטרנק שהם10/90 / שווי עסקאות רכישת ני""ע/נגזרים במהלך החוד / 513011445 || קסם Russell 2000 ETF / שווי עסקאות רכישת ני_ע/נגזרים במהלך החוד / 510938608 || קסם MSCI India ETF / שווי עסקאות רכישת ני_ע/נגזרים במהלך החוד / 510938608 || קסם KOSPI 200 ETF / שווי עסקאות רכישת ני_ע/נגזרים במהלך החוד / 510938608 || קסם MSCI World ETF / שווי עסקאות רכישת ני_ע/נגזרים במהלך החוד / 510938608 || קסם MSCI EM ETF / שווי עסקאות רכישת ני_ע/נגזרים במהלך החוד / 510938608 || קסם LBMA Gold PM ETF / שווי עסקאות רכישת ני_ע/נגזרים במהלך החוד / 510938608 || קסם MSCI FE ExJPN ETF / שווי עסקאות רכישת ני_ע/נגזרים במהלך החוד / 510938608 || קסם DJ HealthCare ETF / שווי עסקאות רכישת ני_ע/נגזרים במהלך החוד / 510938608 || קסם ISE US Water ETF / שווי עסקאות רכישת ני_ע/נגזרים במהלך החוד / 510938608"
312,162138,1149,"קסם ETFי (00) תל גוב- צמו / שווי עסקאות מכירת ני_ע/נגזרים במהלך החוד / 510938608 || קסם ETFי (00) תל גוב- שקל / שווי עסקאות מכירת ני_ע/נגזרים במהלך החוד / 510938608 || קסם KTFי(4D)י Cboe S&P 50 / שווי עסקאות מכירת ני_ע/נגזרים במהלך החוד / 510938608 || הראל מחקה מש90 אגח10 מנ / שווי עסקאות מכירת ני""ע/נגזרים במהלך החוד / 511776783 || קסם KTF משולבת S&P ארה_ב / שווי עסקאות מכירת ני_ע/נגזרים במהלך החוד / 510938608 || פסטרנק שהם10/90 / שווי עסקאות מכירת ני""ע/נגזרים במהלך החוד / 513011445 || קסם Russell 2000 ETF / שווי עסקאות מכירת ני_ע/נגזרים במהלך החוד / 510938608 || קסם MSCI India ETF / שווי עסקאות מכירת ני_ע/נגזרים במהלך החוד / 510938608 || קסם KOSPI 200 ETF / שווי עסקאות מכירת ני_ע/נגזרים במהלך החוד / 510938608 || קסם MSCI World ETF / שווי עסקאות מכירת ני_ע/נגזרים במהלך החוד / 510938608 || קסם MSCI EM ETF / שווי עסקאות מכירת ני_ע/נגזרים במהלך החוד / 510938608 || קסם LBMA Gold PM ETF / שווי עסקאות מכירת ני_ע/נגזרים במהלך החוד / 510938608 || קסם MSCI FE ExJPN ETF / שווי עסקאות מכירת ני_ע/נגזרים במהלך החוד / 510938608 || קסם DJ HealthCare ETF / שווי עסקאות מכירת ני_ע/נגזרים במהלך החוד / 510938608 || קסם ISE US Water ETF / שווי עסקאות מכירת ני_ע/נגזרים במהלך החוד / 510938608"
313,162139,1149,קסם ETFי (00) תל גוב- צמו / מספר היחידות שהונפקו במהלך החודש / 510938608 || קסם ETFי (00) תל גוב- שקל / מספר היחידות שהונפקו במהלך החודש / 510938608 || קסם KTFי(4D)י Cboe S&P 50 / מספר היחידות שהונפקו במהלך החודש / 510938608 || הראל מחקה מש90 אגח10 מנ / מספר היחידות שהונפקו במהלך החודש / 511776783 || קסם KTF משולבת S&P ארה_ב / מספר היחידות שהונפקו במהלך החודש / 510938608 || פסטרנק שהם10/90 / מספר היחידות שהונפקו במהלך החודש / 513011445 || קסם Russell 2000 ETF / מספר היחידות שהונפקו במהלך החודש / 510938608 || קסם MSCI India ETF / מספר היחידות שהונפקו במהלך החודש / 510938608 || קסם KOSPI 200 ETF / מספר היחידות שהונפקו במהלך החודש / 510938608 || קסם MSCI World ETF / מספר היחידות שהונפקו במהלך החודש / 510938608 || קסם MSCI EM ETF / מספר היחידות שהונפקו במהלך החודש / 510938608 || קסם LBMA Gold PM ETF / מספר היחידות שהונפקו במהלך החודש / 510938608 || קסם MSCI FE ExJPN ETF / מספר היחידות שהונפקו במהלך החודש / 510938608 || קסם DJ HealthCare ETF / מספר היחידות שהונפקו במהלך החודש / 510938608 || קסם ISE US Water ETF / מספר היחידות שהונפקו במהלך החודש / 510938608
314,162139,1149,קסם ETFי (00) תל גוב- צמו / שווי היחידות שהונפקו במהלך החודש / 510938608 || קסם ETFי (00) תל גוב- שקל / שווי היחידות שהונפקו במהלך החודש / 510938608 || קסם KTFי(4D)י Cboe S&P 50 / שווי היחידות שהונפקו במהלך החודש / 510938608 || הראל מחקה מש90 אגח10 מנ / שווי היחידות שהונפקו במהלך החודש / 511776783 || קסם KTF משולבת S&P ארה_ב / שווי היחידות שהונפקו במהלך החודש / 510938608 || פסטרנק שהם10/90 / שווי היחידות שהונפקו במהלך החודש / 513011445 || קסם Russell 2000 ETF / שווי היחידות שהונפקו במהלך החודש / 510938608 || קסם MSCI India ETF / שווי היחידות שהונפקו במהלך החודש / 510938608 || קסם KOSPI 200 ETF / שווי היחידות שהונפקו במהלך החודש / 510938608 || קסם MSCI World ETF / שווי היחידות שהונפקו במהלך החודש / 510938608 || קסם MSCI EM ETF / שווי היחידות שהונפקו במהלך החודש / 510938608 || קסם LBMA Gold PM ETF / שווי היחידות שהונפקו במהלך החודש / 510938608 || קסם MSCI FE ExJPN ETF / שווי היחידות שהונפקו במהלך החודש / 510938608 || קסם DJ HealthCare ETF / שווי היחידות שהונפקו במהלך החודש / 510938608 || קסם ISE US Water ETF / שווי היחידות שהונפקו במהלך החודש / 510938608
315,162139,1149,קסם ETFי (00) תל גוב- צמו / מספר היחידות שנפדו במהלך החודש / 510938608 || קסם ETFי (00) תל גוב- שקל / מספר היחידות שנפדו במהלך החודש / 510938608 || קסם KTFי(4D)י Cboe S&P 50 / מספר היחידות שנפדו במהלך החודש / 510938608 || הראל מחקה מש90 אגח10 מנ / מספר היחידות שנפדו במהלך החודש / 511776783 || קסם KTF משולבת S&P ארה_ב / מספר היחידות שנפדו במהלך החודש / 510938608 || פסטרנק שהם10/90 / מספר היחידות שנפדו במהלך החודש / 513011445 || קסם Russell 2000 ETF / מספר היחידות שנפדו במהלך החודש / 510938608 || קסם MSCI India ETF / מספר היחידות שנפדו במהלך החודש / 510938608 || קסם KOSPI 200 ETF / מספר היחידות שנפדו במהלך החודש / 510938608 || קסם MSCI World ETF / מספר היחידות שנפדו במהלך החודש / 510938608 || קסם MSCI EM ETF / מספר היחידות שנפדו במהלך החודש / 510938608 || קסם LBMA Gold PM ETF / מספר היחידות שנפדו במהלך החודש / 510938608 || קסם MSCI FE ExJPN ETF / מספר היחידות שנפדו במהלך החודש / 510938608 || קסם DJ HealthCare ETF / מספר היחידות שנפדו במהלך החודש / 510938608 || קסם ISE US Water ETF / מספר היחידות שנפדו במהלך החודש / 510938608
316,162139,1149,קסם ETFי (00) תל גוב- צמו / שווי היחידות שנפדו במהלך החודש / 510938608 || קסם ETFי (00) תל גוב- שקל / שווי היחידות שנפדו במהלך החודש / 510938608 || קסם KTFי(4D)י Cboe S&P 50 / שווי היחידות שנפדו במהלך החודש / 510938608 || הראל מחקה מש90 אגח10 מנ / שווי היחידות שנפדו במהלך החודש / 511776783 || קסם KTF משולבת S&P ארה_ב / שווי היחידות שנפדו במהלך החודש / 510938608 || פסטרנק שהם10/90 / שווי היחידות שנפדו במהלך החודש / 513011445 || קסם Russell 2000 ETF / שווי היחידות שנפדו במהלך החודש / 510938608 || קסם MSCI India ETF / שווי היחידות שנפדו במהלך החודש / 510938608 || קסם KOSPI 200 ETF / שווי היחידות שנפדו במהלך החודש / 510938608 || קסם MSCI World ETF / שווי היחידות שנפדו במהלך החודש / 510938608 || קסם MSCI EM ETF / שווי היחידות שנפדו במהלך החודש / 510938608 || קסם LBMA Gold PM ETF / שווי היחידות שנפדו במהלך החודש / 510938608 || קסם MSCI FE ExJPN ETF / שווי היחידות שנפדו במהלך החודש / 510938608 || קסם DJ HealthCare ETF / שווי היחידות שנפדו במהלך החודש / 510938608 || קסם ISE US Water ETF / שווי היחידות שנפדו במהלך החודש / 510938608
317,162139,1149,קסם ETFי (00) תל גוב- צמו / מספר היחידות שהונפקו ביום המסחר האחרון / 510938608 || קסם ETFי (00) תל גוב- שקל / מספר היחידות שהונפקו ביום המסחר האחרון / 510938608 || קסם KTFי(4D)י Cboe S&P 50 / מספר היחידות שהונפקו ביום המסחר האחרון / 510938608 || הראל מחקה מש90 אגח10 מנ / מספר היחידות שהונפקו ביום המסחר האחרון / 511776783 || קסם KTF משולבת S&P ארה_ב / מספר היחידות שהונפקו ביום המסחר האחרון / 510938608 || פסטרנק שהם10/90 / מספר היחידות שהונפקו ביום המסחר האחרון / 513011445 || קסם Russell 2000 ETF / מספר היחידות שהונפקו ביום המסחר האחרון / 510938608 || קסם MSCI India ETF / מספר היחידות שהונפקו ביום המסחר האחרון / 510938608 || קסם KOSPI 200 ETF / מספר היחידות שהונפקו ביום המסחר האחרון / 510938608 || קסם MSCI World ETF / מספר היחידות שהונפקו ביום המסחר האחרון / 510938608 || קסם MSCI EM ETF / מספר היחידות שהונפקו ביום המסחר האחרון / 510938608 || קסם LBMA Gold PM ETF / מספר היחידות שהונפקו ביום המסחר האחרון / 510938608 || קסם MSCI FE ExJPN ETF / מספר היחידות שהונפקו ביום המסחר האחרון / 510938608 || קסם DJ HealthCare ETF / מספר היחידות שהונפקו ביום המסחר האחרון / 510938608 || קסם ISE US Water ETF / מספר היחידות שהונפקו ביום המסחר האחרון / 510938608
318,162139,1149,קסם ETFי (00) תל גוב- צמו / מספר היחידות שנפדו ביום המסחר האחרון / 510938608 || קסם ETFי (00) תל גוב- שקל / מספר היחידות שנפדו ביום המסחר האחרון / 510938608 || קסם KTFי(4D)י Cboe S&P 50 / מספר היחידות שנפדו ביום המסחר האחרון / 510938608 || הראל מחקה מש90 אגח10 מנ / מספר היחידות שנפדו ביום המסחר האחרון / 511776783 || קסם KTF משולבת S&P ארה_ב / מספר היחידות שנפדו ביום המסחר האחרון / 510938608 || פסטרנק שהם10/90 / מספר היחידות שנפדו ביום המסחר האחרון / 513011445 || קסם Russell 2000 ETF / מספר היחידות שנפדו ביום המסחר האחרון / 510938608 || קסם MSCI India ETF / מספר היחידות שנפדו ביום המסחר האחרון / 510938608 || קסם KOSPI 200 ETF / מספר היחידות שנפדו ביום המסחר האחרון / 510938608 || קסם MSCI World ETF / מספר היחידות שנפדו ביום המסחר האחרון / 510938608 || קסם MSCI EM ETF / מספר היחידות שנפדו ביום המסחר האחרון / 510938608 || קסם LBMA Gold PM ETF / מספר היחידות שנפדו ביום המסחר האחרון / 510938608 || קסם MSCI FE ExJPN ETF / מספר היחידות שנפדו ביום המסחר האחרון / 510938608 || קסם DJ HealthCare ETF / מספר היחידות שנפדו ביום המסחר האחרון / 510938608 || קסם ISE US Water ETF / מספר היחידות שנפדו ביום המסחר האחרון / 510938608
319,162136,1149,קסם ETFי (00) תל גוב- צמו / חשיפה למניות ביום המסחר האחרון / 510938608 || קסם ETFי (00) תל גוב- שקל / חשיפה למניות ביום המסחר האחרון / 510938608 || קסם KTFי(4D)י Cboe S&P 50 / חשיפה למניות ביום המסחר האחרון / 510938608 || הראל מחקה מש90 אגח10 מנ / חשיפה למניות ביום המסחר האחרון / 511776783 || קסם KTF משולבת S&P ארה_ב / חשיפה למניות ביום המסחר האחרון / 510938608 || פסטרנק שהם10/90 / חשיפה למניות ביום המסחר האחרון / 513011445 || קסם Russell 2000 ETF / חשיפה למניות ביום המסחר האחרון / 510938608 || קסם MSCI India ETF / חשיפה למניות ביום המסחר האחרון / 510938608 || קסם KOSPI 200 ETF / חשיפה למניות ביום המסחר האחרון / 510938608 || קסם MSCI World ETF / חשיפה למניות ביום המסחר האחרון / 510938608 || קסם MSCI EM ETF / חשיפה למניות ביום המסחר האחרון / 510938608 || קסם LBMA Gold PM ETF / חשיפה למניות ביום המסחר האחרון / 510938608 || קסם MSCI FE ExJPN ETF / חשיפה למניות ביום המסחר האחרון / 510938608 || קסם DJ HealthCare ETF / חשיפה למניות ביום המסחר האחרון / 510938608 || קסם ISE US Water ETF / חשיפה למניות ביום המסחר האחרון / 510938608
320,162136,1149,"קסם ETFי (00) תל גוב- צמו / חשיפה למט_ח ביום המסחר האחרון / 510938608 || קסם ETFי (00) תל גוב- שקל / חשיפה למט_ח ביום המסחר האחרון / 510938608 || קסם KTFי(4D)י Cboe S&P 50 / חשיפה למט_ח ביום המסחר האחרון / 510938608 || הראל מחקה מש90 אגח10 מנ / חשיפה למט""ח ביום המסחר האחרון / 511776783 || קסם KTF משולבת S&P ארה_ב / חשיפה למט_ח ביום המסחר האחרון / 510938608 || פסטרנק שהם10/90 / חשיפה למט""ח ביום המסחר האחרון / 513011445 || קסם Russell 2000 ETF / חשיפה למט_ח ביום המסחר האחרון / 510938608 || קסם MSCI India ETF / חשיפה למט_ח ביום המסחר האחרון / 510938608 || קסם KOSPI 200 ETF / חשיפה למט_ח ביום המסחר האחרון / 510938608 || קסם MSCI World ETF / חשיפה למט_ח ביום המסחר האחרון / 510938608 || קסם MSCI EM ETF / חשיפה למט_ח ביום המסחר האחרון / 510938608 || קסם LBMA Gold PM ETF / חשיפה למט_ח ביום המסחר האחרון / 510938608 || קסם MSCI FE ExJPN ETF / חשיפה למט_ח ביום המסחר האחרון / 510938608 || קסם DJ HealthCare ETF / חשיפה למט_ח ביום המסחר האחרון / 510938608 || קסם ISE US Water ETF / חשיפה למט_ח ביום המסחר האחרון / 510938608"
321,162156,1149,קסם ETFי (00) תל גוב- צמו / סך חודשי עמלות - אחר / 510938608 || קסם ETFי (00) תל גוב- שקל / סך חודשי עמלות - אחר / 510938608 || קסם KTFי(4D)י Cboe S&P 50 / סך חודשי עמלות - אחר / 510938608 || הראל מחקה מש90 אגח10 מנ / סך חודשי עמלות - אחר / 511776783 || קסם KTF משולבת S&P ארה_ב / סך חודשי עמלות - אחר / 510938608 || פסטרנק שהם10/90 / סך חודשי עמלות - אחר / 513011445 || קסם Russell 2000 ETF / סך חודשי עמלות - אחר / 510938608 || קסם MSCI India ETF / סך חודשי עמלות - אחר / 510938608 || קסם KOSPI 200 ETF / סך חודשי עמלות - אחר / 510938608 || קסם MSCI World ETF / סך חודשי עמלות - אחר / 510938608 || קסם MSCI EM ETF / סך חודשי עמלות - אחר / 510938608 || קסם LBMA Gold PM ETF / סך חודשי עמלות - אחר / 510938608 || קסם MSCI FE ExJPN ETF / סך חודשי עמלות - אחר / 510938608 || קסם DJ HealthCare ETF / סך חודשי עמלות - אחר / 510938608 || קסם ISE US Water ETF / סך חודשי עמלות - אחר / 510938608
322,128677,1022,הראל מחקה מש90 אגח10 מנ / סך חודשי עמלות – יחידות של קרנות  לרבות / 511776783 || פסטרנק שהם10/90 / סך חודשי עמלות – יחידות של קרנות  לרבות / 513011445 || איילון (4D) מניות גלובאלי / סך חודשי עמלות – יחידות של קרנות  לרבות / 513011445 || MTF מח מש אגח ישראל ממ / סך חודשי עמלות - יחידות של קרנות- לרבות / 511303661 || קסם KTF תא125 / סך חודשי עמלות – יחידות של קרנות  לרבות / 510938608 || קסם KTF תלבונד שקלי / סך חודשי עמלות – יחידות של קרנות  לרבות / 510938608 || קסם KTF תלבונד מאגר / סך חודשי עמלות – יחידות של קרנות  לרבות / 510938608 || קסם KTF תלבונד תשו ש / סך חודשי עמלות – יחידות של קרנות  לרבות / 510938608 || קסם KTF תא35 / סך חודשי עמלות – יחידות של קרנות  לרבות / 510938608 || קסם KTF תא90 / סך חודשי עמלות – יחידות של קרנות  לרבות / 510938608 || קסם KTF תא סקטור-באלאנס / סך חודשי עמלות – יחידות של קרנות  לרבות / 510938608 || קסם KTF בונד שקליAA / סך חודשי עמלות – יחידות של קרנות  לרבות / 510938608 || קסם KTF בונד צמודAA / סך חודשי עמלות – יחידות של קרנות  לרבות / 510938608 || קסם KTF תלבונד שקלי50- / סך חודשי עמלות – יחידות של קרנות  לרבות / 510938608 || קסם KTF תא טכנולוגיה / סך חודשי עמלות – יחידות של קרנות  לרבות / 510938608
323,162156,1149,קסם ETFי (00) תל גוב- צמו / סך חודשי עמלות – סכומים ששולמו לגופים קש / 510938608 || קסם ETFי (00) תל גוב- שקל / סך חודשי עמלות – סכומים ששולמו לגופים קש / 510938608 || קסם KTFי(4D)י Cboe S&P 50 / סך חודשי עמלות – סכומים ששולמו לגופים קש / 510938608 || הראל מחקה מש90 אגח10 מנ / סך חודשי עמלות - ששולמו לגופים קשורים למ / 511776783 || קסם KTF משולבת S&P ארה_ב / סך חודשי עמלות – סכומים ששולמו לגופים קש / 510938608 || פסטרנק שהם10/90 / סך חודשי עמלות - ששולמו לגופים קשורים למ / 513011445 || קסם Russell 2000 ETF / סך חודשי עמלות – סכומים ששולמו לגופים קש / 510938608 || קסם MSCI India ETF / סך חודשי עמלות – סכומים ששולמו לגופים קש / 510938608 || קסם KOSPI 200 ETF / סך חודשי עמלות – סכומים ששולמו לגופים קש / 510938608 || קסם MSCI World ETF / סך חודשי עמלות – סכומים ששולמו לגופים קש / 510938608 || קסם MSCI EM ETF / סך חודשי עמלות – סכומים ששולמו לגופים קש / 510938608 || קסם LBMA Gold PM ETF / סך חודשי עמלות – סכומים ששולמו לגופים קש / 510938608 || קסם MSCI FE ExJPN ETF / סך חודשי עמלות – סכומים ששולמו לגופים קש / 510938608 || קסם DJ HealthCare ETF / סך חודשי עמלות – סכומים ששולמו לגופים קש / 510938608 || קסם ISE US Water ETF / סך חודשי עמלות – סכומים ששולמו לגופים קש / 510938608
324,162156,1149,קסם ETFי (00) תל גוב- צמו / סך חודשי עמלות – סכומים ששולמו לגופים קש / 510938608 || קסם ETFי (00) תל גוב- שקל / סך חודשי עמלות – סכומים ששולמו לגופים קש / 510938608 || קסם KTFי(4D)י Cboe S&P 50 / סך חודשי עמלות – סכומים ששולמו לגופים קש / 510938608 || הראל מחקה מש90 אגח10 מנ / סך חודשי עמלות - ששולמו לגופים קשורים לנ / 511776783 || קסם KTF משולבת S&P ארה_ב / סך חודשי עמלות – סכומים ששולמו לגופים קש / 510938608 || פסטרנק שהם10/90 / סך חודשי עמלות - ששולמו לגופים קשורים לנ / 513011445 || קסם Russell 2000 ETF / סך חודשי עמלות – סכומים ששולמו לגופים קש / 510938608 || קסם MSCI India ETF / סך חודשי עמלות – סכומים ששולמו לגופים קש / 510938608 || קסם KOSPI 200 ETF / סך חודשי עמלות – סכומים ששולמו לגופים קש / 510938608 || קסם MSCI World ETF / סך חודשי עמלות – סכומים ששולמו לגופים קש / 510938608 || קסם MSCI EM ETF / סך חודשי עמלות – סכומים ששולמו לגופים קש / 510938608 || קסם LBMA Gold PM ETF / סך חודשי עמלות – סכומים ששולמו לגופים קש / 510938608 || קסם MSCI FE ExJPN ETF / סך חודשי עמלות – סכומים ששולמו לגופים קש / 510938608 || קסם DJ HealthCare ETF / סך חודשי עמלות – סכומים ששולמו לגופים קש / 510938608 || קסם ISE US Water ETF / סך חודשי עמלות – סכומים ששולמו לגופים קש / 510938608
325,161824,1149,"קסם ETFי (00) תל גוב- צמו / מח_מ תיק האג_ח / 510938608 || קסם ETFי (00) תל גוב- שקל / מח_מ תיק האג_ח / 510938608 || קסם KTFי(4D)י Cboe S&P 50 / מח_מ תיק האג_ח / 510938608 || הראל מחקה מש90 אגח10 מנ / מח""מ תיק האג""ח / 511776783 || קסם KTF משולבת S&P ארה_ב / מח_מ תיק האג_ח / 510938608 || פסטרנק שהם10/90 / מח""מ תיק האג""ח / 513011445 || קסם Russell 2000 ETF / מח_מ תיק האג_ח / 510938608 || קסם MSCI India ETF / מח_מ תיק האג_ח / 510938608 || קסם KOSPI 200 ETF / מח_מ תיק האג_ח / 510938608 || קסם MSCI World ETF / מח_מ תיק האג_ח / 510938608 || קסם MSCI EM ETF / מח_מ תיק האג_ח / 510938608 || קסם LBMA Gold PM ETF / מח_מ תיק האג_ח / 510938608 || קסם MSCI FE ExJPN ETF / מח_מ תיק האג_ח / 510938608 || קסם DJ HealthCare ETF / מח_מ תיק האג_ח / 510938608 || קסם ISE US Water ETF / מח_מ תיק האג_ח / 510938608"
326,162136,1149,"קסם ETFי (00) תל גוב- צמו / חשיפה חיובית לאג_ח ביום המסחר האחרון / 510938608 || קסם ETFי (00) תל גוב- שקל / חשיפה חיובית לאג_ח ביום המסחר האחרון / 510938608 || קסם KTFי(4D)י Cboe S&P 50 / חשיפה חיובית לאג_ח ביום המסחר האחרון / 510938608 || הראל מחקה מש90 אגח10 מנ / חשיפה חיובית לאג""ח ביום המסחר האחרון / 511776783 || קסם KTF משולבת S&P ארה_ב / חשיפה חיובית לאג_ח ביום המסחר האחרון / 510938608 || פסטרנק שהם10/90 / חשיפה חיובית לאג""ח ביום המסחר האחרון / 513011445 || קסם Russell 2000 ETF / חשיפה חיובית לאג_ח ביום המסחר האחרון / 510938608 || קסם MSCI India ETF / חשיפה חיובית לאג_ח ביום המסחר האחרון / 510938608 || קסם KOSPI 200 ETF / חשיפה חיובית לאג_ח ביום המסחר האחרון / 510938608 || קסם MSCI World ETF / חשיפה חיובית לאג_ח ביום המסחר האחרון / 510938608 || קסם MSCI EM ETF / חשיפה חיובית לאג_ח ביום המסחר האחרון / 510938608 || קסם LBMA Gold PM ETF / חשיפה חיובית לאג_ח ביום המסחר האחרון / 510938608 || קסם MSCI FE ExJPN ETF / חשיפה חיובית לאג_ח ביום המסחר האחרון / 510938608 || קסם DJ HealthCare ETF / חשיפה חיובית לאג_ח ביום המסחר האחרון / 510938608 || קסם ISE US Water ETF / חשיפה חיובית לאג_ח ביום המסחר האחרון / 510938608"
327,162147,1149,"קסם ETFי (00) תל גוב- צמו / חשיפה שלילית לאג_ח ביום המסחר האחרון / 510938608 || קסם ETFי (00) תל גוב- שקל / חשיפה שלילית לאג_ח ביום המסחר האחרון / 510938608 || קסם KTFי(4D)י Cboe S&P 50 / חשיפה שלילית לאג_ח ביום המסחר האחרון / 510938608 || הראל מחקה מש90 אגח10 מנ / חשיפה שלילית לאג""ח ביום המסחר האחרון / 511776783 || קסם KTF משולבת S&P ארה_ב / חשיפה שלילית לאג_ח ביום המסחר האחרון / 510938608 || פסטרנק שהם10/90 / חשיפה שלילית לאג""ח ביום המסחר האחרון / 513011445 || קסם Russell 2000 ETF / חשיפה שלילית לאג_ח ביום המסחר האחרון / 510938608 || קסם MSCI India ETF / חשיפה שלילית לאג_ח ביום המסחר האחרון / 510938608 || קסם KOSPI 200 ETF / חשיפה שלילית לאג_ח ביום המסחר האחרון / 510938608 || קסם MSCI World ETF / חשיפה שלילית לאג_ח ביום המסחר האחרון / 510938608 || קסם MSCI EM ETF / חשיפה שלילית לאג_ח ביום המסחר האחרון / 510938608 || קסם LBMA Gold PM ETF / חשיפה שלילית לאג_ח ביום המסחר האחרון / 510938608 || קסם MSCI FE ExJPN ETF / חשיפה שלילית לאג_ח ביום המסחר האחרון / 510938608 || קסם DJ HealthCare ETF / חשיפה שלילית לאג_ח ביום המסחר האחרון / 510938608 || קסם ISE US Water ETF / חשיפה שלילית לאג_ח ביום המסחר האחרון / 510938608"
328,162136,1149,קסם ETFי (00) תל גוב- צמו / סך חודשי הכנסות מהשאלות / 510938608 || קסם ETFי (00) תל גוב- שקל / סך חודשי הכנסות מהשאלות / 510938608 || קסם KTFי(4D)י Cboe S&P 50 / סך חודשי הכנסות מהשאלות / 510938608 || הראל מחקה מש90 אגח10 מנ / סך חודשי הכנסות מהשאלות / 511776783 || קסם KTF משולבת S&P ארה_ב / סך חודשי הכנסות מהשאלות / 510938608 || פסטרנק שהם10/90 / סך חודשי הכנסות מהשאלות / 513011445 || קסם Russell 2000 ETF / סך חודשי הכנסות מהשאלות / 510938608 || קסם MSCI India ETF / סך חודשי הכנסות מהשאלות / 510938608 || קסם KOSPI 200 ETF / סך חודשי הכנסות מהשאלות / 510938608 || קסם MSCI World ETF / סך חודשי הכנסות מהשאלות / 510938608 || קסם MSCI EM ETF / סך חודשי הכנסות מהשאלות / 510938608 || קסם LBMA Gold PM ETF / סך חודשי הכנסות מהשאלות / 510938608 || קסם MSCI FE ExJPN ETF / סך חודשי הכנסות מהשאלות / 510938608 || קסם DJ HealthCare ETF / סך חודשי הכנסות מהשאלות / 510938608 || קסם ISE US Water ETF / סך חודשי הכנסות מהשאלות / 510938608
329,162136,1149,קסם ETFי (00) תל גוב- צמו / סך חודשי דמי שאילה / 510938608 || קסם ETFי (00) תל גוב- שקל / סך חודשי דמי שאילה / 510938608 || קסם KTFי(4D)י Cboe S&P 50 / סך חודשי דמי שאילה / 510938608 || הראל מחקה מש90 אגח10 מנ / סך חודשי דמי שאילה / 511776783 || קסם KTF משולבת S&P ארה_ב / סך חודשי דמי שאילה / 510938608 || פסטרנק שהם10/90 / סך חודשי דמי שאילה / 513011445 || קסם Russell 2000 ETF / סך חודשי דמי שאילה / 510938608 || קסם MSCI India ETF / סך חודשי דמי שאילה / 510938608 || קסם KOSPI 200 ETF / סך חודשי דמי שאילה / 510938608 || קסם MSCI World ETF / סך חודשי דמי שאילה / 510938608 || קסם MSCI EM ETF / סך חודשי דמי שאילה / 510938608 || קסם LBMA Gold PM ETF / סך חודשי דמי שאילה / 510938608 || קסם MSCI FE ExJPN ETF / סך חודשי דמי שאילה / 510938608 || קסם DJ HealthCare ETF / סך חודשי דמי שאילה / 510938608 || קסם ISE US Water ETF / סך חודשי דמי שאילה / 510938608
330,162156,1149,קסם ETFי (00) תל גוב- צמו / הפסד הון תיאורטי נצבר ליום המסחר האחרון / 510938608 || קסם ETFי (00) תל גוב- שקל / הפסד הון תיאורטי נצבר ליום המסחר האחרון / 510938608 || קסם KTFי(4D)י Cboe S&P 50 / הפסד הון תיאורטי נצבר ליום המסחר האחרון / 510938608 || הראל מחקה מש90 אגח10 מנ / הפסד הון תיאורטי נצבר ליום המסחר האחרון / 511776783 || קסם KTF משולבת S&P ארה_ב / הפסד הון תיאורטי נצבר ליום המסחר האחרון / 510938608 || פסטרנק שהם10/90 / הפסד הון תיאורטי נצבר ליום המסחר האחרון / 513011445 || קסם Russell 2000 ETF / הפסד הון תיאורטי נצבר ליום המסחר האחרון / 510938608 || קסם MSCI India ETF / הפסד הון תיאורטי נצבר ליום המסחר האחרון / 510938608 || קסם KOSPI 200 ETF / הפסד הון תיאורטי נצבר ליום המסחר האחרון / 510938608 || קסם MSCI World ETF / הפסד הון תיאורטי נצבר ליום המסחר האחרון / 510938608 || קסם MSCI EM ETF / הפסד הון תיאורטי נצבר ליום המסחר האחרון / 510938608 || קסם LBMA Gold PM ETF / הפסד הון תיאורטי נצבר ליום המסחר האחרון / 510938608 || קסם MSCI FE ExJPN ETF / הפסד הון תיאורטי נצבר ליום המסחר האחרון / 510938608 || קסם DJ HealthCare ETF / הפסד הון תיאורטי נצבר ליום המסחר האחרון / 510938608 || קסם ISE US Water ETF / הפסד הון תיאורטי נצבר ליום המסחר האחרון / 510938608
331,162136,1149,קסם ETFי (00) תל גוב- צמו / דמי ניהול משתנים מיום הבסיס / 510938608 || קסם ETFי (00) תל גוב- שקל / דמי ניהול משתנים מיום הבסיס / 510938608 || קסם KTFי(4D)י Cboe S&P 50 / דמי ניהול משתנים מיום הבסיס / 510938608 || הראל מחקה מש90 אגח10 מנ / דמי ניהול משתנים מיום הבסיס / 511776783 || קסם KTF משולבת S&P ארה_ב / דמי ניהול משתנים מיום הבסיס / 510938608 || פסטרנק שהם10/90 / דמי ניהול משתנים מיום הבסיס / 513011445 || קסם Russell 2000 ETF / דמי ניהול משתנים מיום הבסיס / 510938608 || קסם MSCI India ETF / דמי ניהול משתנים מיום הבסיס / 510938608 || קסם KOSPI 200 ETF / דמי ניהול משתנים מיום הבסיס / 510938608 || קסם MSCI World ETF / דמי ניהול משתנים מיום הבסיס / 510938608 || קסם MSCI EM ETF / דמי ניהול משתנים מיום הבסיס / 510938608 || קסם LBMA Gold PM ETF / דמי ניהול משתנים מיום הבסיס / 510938608 || קסם MSCI FE ExJPN ETF / דמי ניהול משתנים מיום הבסיס / 510938608 || קסם DJ HealthCare ETF / דמי ניהול משתנים מיום הבסיס / 510938608 || קסם ISE US Water ETF / דמי ניהול משתנים מיום הבסיס / 510938608
332,167560,1149,"קסם ETFי (00) תל גוב- צמו / חשיפה לסיכון אשראי - צד שלישי / 510938608 || קסם ETFי (00) תל גוב- שקל / חשיפה לסיכון אשראי - צד שלישי / 510938608 || קסם KTFי(4D)י Cboe S&P 50 / חשיפה לסיכון אשראי - צד שלישי / 510938608 || קסם ETF ממ SP500 פי3 / חשיפה לסיכון אשראי - צד שלישי / 510938608 || קסם אקטיב מניותחו""לגלובלי / חשיפה לסיכון אשראי - צד שלישי / 510938608 || קסם ETF ממ NDX100 פי3 / חשיפה לסיכון אשראי - צד שלישי / 510938608 || הראל מחקה מש90 אגח10 מנ / חשיפה לסיכון אשראי - צד שלישי / 511776783 || קסם ETF ממח SP500 פי2 / חשיפה לסיכון אשראי - צד שלישי / 510938608 || קסם ETF ממח NDX100 פי2 / חשיפה לסיכון אשראי - צד שלישי / 510938608 || קסם ETF ממ DAX פי3 / חשיפה לסיכון אשראי - צד שלישי / 510938608 || קסם SP500 ETF / חשיפה לסיכון אשראי - צד שלישי / 510938608 || אש שווקים מפתח עד 30 מטח / חשיפה לסיכון אשראי צד שלישי / 511944670 || מור(2B)י30/70 / חשיפה לסיכון אשראי צד שלישי / 514884485 || קסם KTF משולבת S&P ארה_ב / חשיפה לסיכון אשראי - צד שלישי / 510938608 || מגדל אגח מדינה / חשיפה לסיכון אשראי צד שלישי / 511303661"
334,148689,1049,"קסם ETFי (00) תל גוב- צמו / שווי החזקה בני_ע חסומים / 510938608 || קסם ETFי (00) תל גוב- שקל / שווי החזקה בני_ע חסומים / 510938608 || קסם KTFי(4D)י Cboe S&P 50 / שווי החזקה בני_ע חסומים / 510938608 || הראל מחקה מש90 אגח10 מנ / שווי אחזקה בני""ע חסומים / 511776783 || קסם KTF משולבת S&P ארה_ב / שווי החזקה בני_ע חסומים / 510938608 || פסטרנק שהם10/90 / שווי אחזקה בני""ע חסומים / 513011445 || קסם S&P Consumer Staples / שווי החזקה בני_ע חסומים / 510938608 || קסם ETFי (00) תל בונד שקל / שווי החזקה בני_ע חסומים / 510938608 || קסם Russell 2000 ETF / שווי החזקה בני_ע חסומים / 510938608 || קסם MSCI India ETF / שווי החזקה בני_ע חסומים / 510938608 || קסם KOSPI 200 ETF / שווי החזקה בני_ע חסומים / 510938608 || קסם MSCI World ETF / שווי החזקה בני_ע חסומים / 510938608 || קסם MSCI EM ETF / שווי החזקה בני_ע חסומים / 510938608 || קסם LBMA Gold PM ETF / שווי החזקה בני_ע חסומים / 510938608 || קסם MSCI FE ExJPN ETF / שווי החזקה בני_ע חסומים / 510938608"
335,94259,632,"אש M-Strategy- קרן גידור / זכאות לדמי הצלחה בקרן גידור בנאמנות / 511944670 || מור ל/ש נדלן אירופה גידור / זכאות לדמי הצלחה בקרן גידור בנאמנות / 514884485 || מור אסטרטגיות אג""ח גידור / זכאות לדמי הצלחה בקרן גידור בנאמנות / 514884485 || אש ל\ש מ גלובלי קרן גידור / זכאות לדמי הצלחה בקרן גידור בנאמנות / 511944670 || פסטרנק שהם ל/ש קרן גידור / זכאות לדמי הצלחה בקרן גידור בנאמנות / 513011445 || אנליסט מניות - גידור / זכאות לדמי הצלחה בקרן גידור בנאמנות / 511146490 || מיטב Multi Strategy גידור / זכאות לדמי הצלחה בקרן גידור בנאמנות / 513534974 || מגדל GBOSTR קרן גידור נק$ / זכאות לדמי הצלחה בקרן גידור בנאמנות / 511303661 || מיטב מניות לונגשורט גידור / זכאות לדמי הצלחה בקרן גידור בנאמנות / 513534974 || אימפקט לונגשורט קרן גידור / זכאות לדמי הצלחה בקרן גידור בנאמנות / 513011445 || איביאי גידורMACRO STRATE / זכאות לדמי הצלחה בקרן גידור בנאמנות / 513765339 || אושן יצירה אסטרטגיות / זכאות לדמי הצלחה בקרן גידור בנאמנות / 511756595 || אנליסט נדל""ן - גידור / זכאות לדמי הצלחה בקרן גידור בנאמנות / 511146490 || S (5E) FINQ.AI Qק.ג / זכאות לדמי הצלחה בקרן גידור בנאמנות / 512958471 || מגדל מנ LngShr קרן גידור / זכאות לדמי הצלחה בקרן גידור בנאמנות / 511303661"
336,46615,530,"אש M-Strategy- קרן גידור / תשלום בפועל עבור דמי הצלחה שבוצע בחודש ה / 511944670 || מור ל/ש נדלן אירופה גידור / תשלום בפועל עבור דמי הצלחה שבוצע בחודש ה / 514884485 || פסטרנק שהם ל/ש קרן גידור / תשלום בפועל עבור דמי הצלחה שבוצע בחודש ה / 513011445 || מור אסטרטגיות אג""ח גידור / תשלום בפועל עבור דמי הצלחה שבוצע בחודש ה / 514884485 || אש ל\ש מ גלובלי קרן גידור / תשלום בפועל עבור דמי הצלחה שבוצע בחודש ה / 511944670 || מיטב Multi Strategy גידור / תשלום בפועל עבור דמי הצלחה שבוצע בחודש ה / 513534974 || אימפקט לונגשורט קרן גידור / תשלום בפועל עבור דמי הצלחה שבוצע בחודש ה / 513011445 || מיטב מניות לונגשורט גידור / תשלום בפועל עבור דמי הצלחה שבוצע בחודש ה / 513534974 || מגדל GBOSTR קרן גידור נק$ / תשלום בפועל עבור דמי הצלחה שבוצע בחודש ה / 511303661 || איביאי גידורMACRO STRATE / תשלום בפועל עבור דמי הצלחה שבוצע בחודש ה / 513765339 || אושן יצירה אסטרטגיות / תשלום בפועל עבור דמי הצלחה שבוצע בחודש ה / 511756595 || י.ל .מולט אסט גידור / תשלום בפועל עבור דמי הצלחה שבוצע בחודש ה / 513846808 || הורייזן ל/ש קרן גידור / תשלום בפועל עבור דמי הצלחה שבוצע בחודש ה / 513011445 || מגדל מנ LngShr קרן גידור / תשלום בפועל עבור דמי הצלחה שבוצע בחודש ה / 511303661 || הראל אסט מנ חול ק.גדר בנא / תשלום בפועל עבור דמי הצלחה שבוצע בחודש ה / 511776783"
337,94296,632,"אש M-Strategy- קרן גידור / מס' יחידות שנפדו בקרן גידור בנאמנות ברמת / 511944670 || מור ל/ש נדלן אירופה גידור / מס' יחידות שנפדו בקרן גידור בנאמנות ברמת / 514884485 || מור אסטרטגיות אג""ח גידור / מס' יחידות שנפדו בקרן גידור בנאמנות ברמת / 514884485 || אש ל\ש מ גלובלי קרן גידור / מס' יחידות שנפדו בקרן גידור בנאמנות ברמת / 511944670 || אנליסט מניות - גידור / מס' יח' שנפדו בקרן גידור בנאמ' ברמת הסד' / 511146490 || פסטרנק שהם ל/ש קרן גידור / מס' יחידות שנפדו בקרן גידור בנאמנות ברמת / 513011445 || מיטב Multi Strategy גידור / מס' יחידות שנפדו בקרן גידור בנאמנות ברמת / 513534974 || מגדל GBOSTR קרן גידור נק$ / מס' יחידות שנפדו בקרן גידור בנאמנות ברמת / 511303661 || מיטב מניות לונגשורט גידור / מס' יחידות שנפדו בקרן גידור בנאמנות ברמת / 513534974 || אימפקט לונגשורט קרן גידור / מס' יחידות שנפדו בקרן גידור בנאמנות ברמת / 513011445 || איביאי גידורMACRO STRATE / מס' יחידות שנפדו בקרן גידור בנאמנות ברמת / 513765339 || אנליסט נדל""ן - גידור / מס' יח' שנפדו בקרן גידור בנאמ' ברמת הסד' / 511146490 || אושן יצירה אסטרטגיות / מס' יחידות שנפדו בקרן גידור בנאמנות ברמת / 511756595 || S (5E) FINQ.AI Qק.ג / מס' יחידות שנפדו בקרן גידור בנאמנות ברמת / 512958471 || מגדל מנ LngShr קרן גידור / מס' יחידות שנפדו בקרן גידור בנאמנות ברמת / 511303661"
401,162137,1149,קסם ETFי (00) תל גוב- צמו / מספר יחידות רדומות / 510938608 || קסם ETFי (00) תל גוב- שקל / מספר יחידות רדומות / 510938608 || קסם KTFי(4D)י Cboe S&P 50 / מספר יחידות רדומות / 510938608 || הראל מחקה מש90 אגח10 מנ / מספר יחידות רדומות / 511776783 || קסם KTF משולבת S&P ארה_ב / מספר יחידות רדומות / 510938608 || פסטרנק שהם10/90 / מספר יחידות רדומות / 513011445 || קסם HXRNTR KTF מד / מספר יחידות רדומות / 510938608 || קסם Russell 2000 ETF / מספר יחידות רדומות / 510938608 || קסם MSCI India ETF / מספר יחידות רדומות / 510938608 || קסם KOSPI 200 ETF / מספר יחידות רדומות / 510938608 || קסם MSCI World ETF / מספר יחידות רדומות / 510938608 || קסם MSCI EM ETF / מספר יחידות רדומות / 510938608 || קסם LBMA Gold PM ETF / מספר יחידות רדומות / 510938608 || קסם MSCI FE ExJPN ETF / מספר יחידות רדומות / 510938608 || קסם DJ HealthCare ETF / מספר יחידות רדומות / 510938608
402,86010,632,הראל מחקה מש90 אגח10 מנ / מחיר מכירה עבור קרן גידור בנאמנות / 511776783 || פסטרנק שהם10/90 / מחיר מכירה עבור קרן גידור בנאמנות / 513011445 || מור סל NASDAQ100 ממ / מחיר מכירה עבור קרן גידור בנאמנות / 514884485 || הראל סל תא125 / מחיר מכירה עבור קרן גידור בנאמנות / 511776783 || הראל סל תא35 / מחיר מכירה עבור קרן גידור בנאמנות / 511776783 || הראל סל תא90 / מחיר מכירה עבור קרן גידור בנאמנות / 511776783 || הראל סל אינדק בנקים ישראל / מחיר מכירה עבור קרן גידור בנאמנות / 511776783 || הראל סל תאSME60 / מחיר מכירה עבור קרן גידור בנאמנות / 511776783 || הראל סל תא נדלן / מחיר מכירה עבור קרן גידור בנאמנות / 511776783 || הראל סל תא פיננסים / מחיר מכירה עבור קרן גידור בנאמנות / 511776783 || הראל סלSP500 / מחיר מכירה עבור קרן גידור בנאמנות / 511776783 || הראל סלNDX 100 / מחיר מכירה עבור קרן גידור בנאמנות / 511776783 || הראל סלDAX / מחיר מכירה עבור קרן גידור בנאמנות / 511776783 || הראל סל NDX 100 ממ / מחיר מכירה עבור קרן גידור בנאמנות / 511776783 || הראל סל SP500 ממ / מחיר מכירה עבור קרן גידור בנאמנות / 511776783
403,88816,632,"אש M-Strategy- קרן גידור / שינוי במספר היחידות עבור קרן גידור בנאמנ / 511944670 || מור ל/ש נדלן אירופה גידור / שינוי במספר היחידות עבור קרן גידור בנאמנ / 514884485 || מור אסטרטגיות אג""ח גידור / שינוי במספר היחידות עבור קרן גידור בנאמנ / 514884485 || אש ל\ש מ גלובלי קרן גידור / שינוי במספר היחידות עבור קרן גידור בנאמנ / 511944670 || מגדל Is Qnt Str קרן גידור / שינוי במספר היחידות עבור קרן גידור בנאמנ / 511303661 || מגדל מנ LngShr קרן גידור / שינוי במספר היחידות עבור קרן גידור בנאמנ / 511303661 || מגדל GL Qnt Str קרן גידור / שינוי במספר היחידות עבור קרן גידור בנאמנ / 511303661 || אשABי AIB Prt Alp ק גידו / שינוי במספר היחידות עבור קרן גידור בנאמנ / 511944670 || מגדל אסט אגח יש קרן גידור / שינוי במספר היחידות עבור קרן גידור בנאמנ / 511303661 || מור אגח ומניות-קרן גידור / שינוי במספר היחידות עבור קרן גידור בנאמנ / 514884485 || אש ל\ש מניות קרן גידור / שינוי במספר היחידות עבור קרן גידור בנאמנ / 511944670 || הראל מחקה מש90 אגח10 מנ / שינוי במספר היחידות עבור קרן גידור בנאמנ / 511776783 || פסטרנק שהם10/90 / שינוי במספר היחידות עבור קרן גידור בנאמנ / 513011445 || מיטב Multi Strategy גידור / שינוי במספר היחידות עבור קרן גידור בנאמנ / 513534974 || פסטרנק שהם ל/ש קרן גידור / שינוי במספר היחידות עבור קרן גידור בנאמנ / 513011445"
